install/bin/audio_capture_mros.py	b5feafd63c7d6c43e429519bff726b1b1dc300bbf29fd2ac34fc66dd32b7e488
install/bin/audio_capture_record_mros.py	a89e02dcbd8973307b263bc20769b96367131da2951cc3e0b30d1ce3939fdd15
install/bin/audio_capture_record_ws.py	e86f74e07b59dafefce8b1a1bb1e9db704e5c39635f5fab02ee761d6faf8570b
install/bin/audio_capture_ws.py	9a94ebd1ae05293d9c3db86971e5df9ea22ddc75cee0c2e6e6672049a8aabce9
install/bin/audio_file_player_mros.py	a400c190d1b00abd4c7d443881ed9db33eecf23057b1c0a2050d50d4bc3e7676
install/bin/audio_file_player_ws.py	52c9b8135c0ac234a644474e6a92ace4aa14111df28f147faafa6e51f0eddfab
install/bin/audio_playback_mros.py	f0935813792525bc3e652feac792d34b877b63b2db0c45cf92a465e120ec2a8d
install/bin/audio_playback_ws.py	c7eea956d997f2ef0856e729db4f5a46c01fa911e1d284cc11508d4ee833684e
install/bin/audio_tts_ws.py	efc4091e3dea0db0408f64fc88a951d1990439d50b3a33be31d5777d6fad1df6
install/bin/audio_wakeup_mros.py	e10c7bf2e530f3f75272a30215099777ccb00b295bbce63a14fbda9086b5ce6c
install/bin/audio_wakeup_ws.py	cc438596633cc21a3bf21dd8aa7fa7c5e7d1bf800795a1c03516deaf9b12119d
install/bin/camera_publisher/camera_dual_publisher.py	4f6057ca17cd6b2892c6afdd4a53bcbbc016df10bffe2e4c632f9762de295381
install/bin/camera_publisher/mros_stream_config.json	e86339da7b2901a6082a2a14dbedb91259d785ad2c1f10278e8e0f25a93be23e
install/bin/camera_publisher/mros_stream_publisher.py	32c025a0e32fc9553f63f9b515ee55b63590d7f192c3a7ce352c6cb02bc984c9
install/bin/camera_publisher/quest_data.py	0b3dcbfb8fb8d8777451514b74aea56c48510b29dbfcebde8fb1d5749a323df3
install/bin/camera_publisher/same_stream_dual_publisher.py	5ff0435db5d996eaf6367a77efce351c13bdf2e12b732578abde0c72563e4ba1
install/bin/camera_publisher/signaling_server.py	7aa8b98f2b9e58ed23eb61ef01e9b9eb66acdf30167707fa1e8ce053cbb8a8be
install/bin/camera_publisher/stream_publisher.py	0ba71c2ba1139a6afd1a081f3451e514d371cbebfb2da4206f5d672f3c80db32
install/bin/camera_publisher/unity_dual_sender.py	032ca1f939fccc8b397b3924ec1d199b851004f86cef523b25623e46253ff18a
install/bin/camera_publisher/video_stream_config.json	3c0e29aacd7063e0558db1864a6338f07389233ddc5bcbdbe863a3315442da0f
install/bin/camera_publisher/webrtc/data_publisher.py	fdddc7cf78374e67bd75ed14dd250fb22fead6039c22afbd1d5c1b268a1e5829
install/bin/camera_publisher/webrtc/data_subscriber.py	56292395fa5486bd114be68342070ea2b4eddf3cbb3f6e1d298e79b323020473
install/bin/camera_publisher/webrtc/dual_camera_publisher.py	b86951cc002423735c8043ff8c242a52ca83adae528ed57ea16543f108192b67
install/bin/camera_publisher/webrtc/__init__.py	7778c4c34427da992b43fb2e7f086a30e072d2e1a2c87d264fd55a0cb0d8c265
install/bin/camera_publisher/webrtc/mros_webrtc_sdk.py	fc18289547eecb7dc6ad9103619af052d264ad1851e9c774af59683c56e6cb84
install/bin/camera_publisher/webrtc/signal_client.py	d32861925ff87c848844731e9b8e1d7344caa516db9b6780958712eb2633a07b
install/bin/camera_publisher/webrtc/video_publisher.py	efd894cc8d662569a28818b8ba0de10acf6e84298e8fe35d094ce97f48c71900
install/bin/camera_publisher/webrtc/video_subscriber.py	65e26364fa9a675dc71178894356f0510c8ec99276de9bb49af811bc93a7e7b1
install/bin/camera_publisher/webrtc/webrtc_client.py	9e043b49bd2b4a85e27276d215fa2579fda5e6803758139315d4807e7143d0f3
install/bin/ftp_client.py	fc76044d8fb3c9a400473ee694a8162227f847f5d06c7e6f4d48c380a8222ff0
install/bin/glove_retarget/glove_retarget.py	1e45efedc40db687effd85b3e2903c10c79d8cc8181c9d0c375bc4a5d1b7b7bc
install/bin/glove_retarget/__init__.py	a28f4af6103c53ce702158a4dfcea362b7e0b4cbb4dcb51b86e1eb33196e9885
install/bin/glove_retarget/sdk.py	7be2daefc1aa6bca21f0aa3f4ddf9a610725bf6335f47dad155ca9f507044729
install/bin/glove_teleop.py	c91ff2b7089ff2baed9c4fe217a3e9d7f6cd30891cdd87eb1f461e70fc5833f1
install/bin/mocopi_teleop.py	be3be07f2819cf61360c6fea6a69187a4a50442140ef3b8a7e2b906c7cf86360
install/bin/noitom_teleop_node.py	360bd6e986d1a001ebe5cccece5dcac5274137d741b17659f28e66a42e2fca2c
install/bin/web_robot_mgr/config.json	07e8777bcfb412deb44545078dcf108b19e0721ed9b9415c7b459171c1aac1c5
install/bin/web_robot_mgr/lan_config.json	4b34b68e3f11924eb6375cdc1f7f9420a3715fc0c87c937f3c6905e436f13203
install/etc/ability/DA_D03_03_ability.xml	3d54daddacbbf544eef07b0bf535bef32326c33f9edc28ba54bdb721637a5596
install/etc/ability/DA_D03_03_ability.yaml	44a4ea7412a899844b82c239143e6396fe56aa14933be30ede4992f89af3e878
install/etc/ability/HU_D03_03_ability.xml	7ba2346d616be1c7b5691a5eb3e07d514aa4d9b6a2bb2a87cb9641559b25b93b
install/etc/ability/HU_D03_03_ability.yaml	45192a97c5074db298f5ee5d4502fc2b1925855a4c3892d30b27d6e61296608e
install/etc/ability/HU_D04_01_ability.xml	0e129d4547d3972758a30898f33e9dd55ec2e2baeac21b64f2bfdf89bb23bd29
install/etc/ability/HU_D04_01_ability.yaml	85f61df28a2df3321fec26746ce99c8714e6e7868c04291dbbe7d8c476423b4e
install/etc/audio_device/aispeech/res/app_config.json	13cbf50601ea1b3ef98ebb6b5e5be7873ff65427bbe48e819dbeb929dc6cf518
install/etc/audio_device/aispeech/res/app_config_rk3588.json	df0723faa6d25a51f40f13567922d9da834798757175b33b5aa1c2679d34f0d2
install/etc/audio_device/aispeech/res/app_config_x86.json	7246b62d80a6dc8bd12bb81a0bf94780f92f99b653f5e524fadb2916a0d547a6
install/etc/audio_device/audio_device.yaml	c850dfa49ecca33326e63fc2e0946d686d843d26ed4c135c3ad5123ada8968be
install/etc/autolaunch/robot-app.yaml	a717e27a1f0d7260064e0913c282bf3c80c544ad837a761477d66eb9d3e5a860
install/etc/autolaunch/robot-ctrl.yaml	12c9e601818c8ea71913ae3d52e98e43c2f73141130dca47317d0667a7a8ec7c
install/etc/BT/bt_plugins.yaml	d1c2a3c4681b45a187bb780c49516258a0518ceb4989e6639ccecd79883aa6aa
install/etc/BT/controller_test.xml	668c02d3ea87d34f553bca0afb3b1285f3796fe9d7e3c8f2dfb57eae8725e947
install/etc/BT/joystick_config.yaml	9ddded11316b82df61d58a3f027deea512a784fd65f79d0e747019c78fd7d656
install/etc/BT/prepare_tree.xml	914243adbdff1461eb3f5e9b8acb79b8e91afb8b326f6ee94538d3a5857d5bd0
install/etc/BT/studio_xbox.yaml	2a857d6c3e5b99c8f8e18010582f5debd6c29678b9741c853b4b0ed322c688ec
install/etc/BT/tree_DA_D03.xml	ce4a9ccfaf6326c811fadd6c290db02b36081c11728e21789c6f3a31cef37edb
install/etc/BT/tree_DA_D04.xml	605a50f01bea29f1c7c3ea1d935f825e311af3b0938dc3585d7e749115f49501
install/etc/BT/tree_HU_D03.xml	c6fba297d8d838e119d782c80c6d276714d5b7b60a5dbd7af0520694f3382967
install/etc/BT/tree_HU_D04.xml	61609d42a2e8c50c2b912d2260a454aca38f358abe6b03d208bfd4cc9f6ea12a
install/etc/BT/tree_HU_L01.xml	93a75d197ffe50e386365ae9c639167c2c12acb0e0bc8dd72f0d50e5dd35f9bb
install/etc/BT/tree_HU_L02.xml	c1b550f4857c176ed3433f0319b017c6b6503ae0fd161882cb8d322413961e64
install/etc/BT/tree_UB_D03.xml	6e49a1815d48ac64e83e6f551ea9a4eaa5aa8414f3fe84b6f0a5a10d5fda3bfa
install/etc/BT/tree_UB_D04.xml	a35b9f00f0a9ce8030f588701fb100d760f0ff0e3c39662daea772f849285d02
install/etc/BT/tree.xml	b0cc352cf57291a278786b12cca6fc8367cacc4790db51e6f9dea6b01529210a
install/etc/controllers/FICat/immut_ctrls.yaml	20597d304c756a54277b96194db9a0a964e58b56afb974bf9427f8361a165131
install/etc/costmap_2d/costmap_2d_mros.yaml	8ad4c51d3a6747883ad0c20bcbf479670a2bd7ac84de606bdcf7cd6d4b7e46d8
install/etc/costmap_2d/inflation_layer.yaml	047795a392a060b671ee24e1bd11e3102eebb1527614a854f6395a5b7b42b2d2
install/etc/costmap_2d/obstacle_layer.yaml	1cf68994476d0ce3e5c212df79da3e79f43bc3022dd436094ed7b07030dbdbb8
install/etc/costmap_2d/static_layer.yaml	9d7698af5d5d918b581e5ed49491a255b7a9d3ab1c6a13c01c3364450e4ce698
install/etc/costmap_2d/voxel_layer.yaml	598167a5119ef45c7f66b73c9f3ae693b9ac7c881e0ca94cd2c71b2b46b450cb
install/etc/DA_D04_description/urdf/DA_D04_01_rl.urdf	571e5a1a90e2b78bb0f1caeb847abe565d8fc80b1bf4aab3ccf3e5c18f5acf12
install/etc/DA_D04_description/urdf/DA_D04_01.srdf	5db1fa8534dbb4bce45bb51f8e78e6468aa909d427431b93e56c305d92ca063e
install/etc/DA_D04_description/urdf/DA_D04_01.urdf	d06199150bc5578647c3dca92d2f05975c006964d981ac1d65629ba026e14245
install/etc/DA_D04_description/xml/DA_D04_01_vis.xml	33ba399b35c47af2c7ad3da0220f8e1b1c8e315fe7aa0a75fb856dcb262bb32e
install/etc/DA_D04_description/xml/DA_D04_01.xml	f378ca2ef5a4ffe07c87517eeeb14766b3bd64dd73386030b20f4e16855be225
install/etc/data_collector/data_collector.launch	fff59c2c2a93d72fb3041ed28bbc588b9ffd607f5af93a90adfd35c8fd8b367d
install/etc/data_collector/data_collector.yaml	5a0ffe1b1e24e4726270c4581220cfd43710532b061570043a964163d7b31eab
install/etc/fall_detection/param.yaml	03692af26f4c4dee241b8c26a9c12d3b80651bd059116bbb83b4189925b6eb12
install/etc/fast_lio/fast_lio_mid360.yaml	97f553824aea03a8bf0298c24b14c517848cbeae3c2ee82c1d33ea6ed9a3fba0
install/etc/fast_lio_localization_sc_qn/2d_nav_map/limx_map.yaml	136f13041d2cb72765e77fd36d909ea58ebbc280077ab86b77ee832217e2e8c8
install/etc/fast_lio_localization_sc_qn/config.yaml	93bcb61dd8ebd6c4999845c9193617107d0864c4aa8b8db63acc77942eb3f292
install/etc/fast_lio_localization_sc_qn/nav_aux.yaml	1c180a43f0dd893525077b06818d882845baf9f354e84ee30ec50da20af68e57
install/etc/fast_lio_sam_sc_qn/config.yaml	a53415dd30ba39c087450534f37de96832e3ba81c67aa857f080442ce76549bc
install/etc/fast_lio_sam_sc_qn/pcd_to_map_2d.yaml	ddbfecb473d95afd577e7d2d59daee1e026b316fc14dcac15a0e7b416da9212e
install/etc/grid_map/grid_map_pcl/grid_map_pcl_loader_node.launch	69ac0b33aef9061bfcd9c616317f1c23653b774c588cecc3294ec3dcc1fca213
install/etc/grid_map/grid_map_pcl/parameters.yaml	8a7d24d12ca6a6c2e52a617074d82aa1469ba879b99bf59f56654eb201aca2da
install/etc/grid_map/grid_map_pcl/test/parameters.yaml	ff3f0c948a2b0dec6a6bdf960058dd4622bec6424ea72774ca76814843c481c1
install/etc/hi13_imu_driver/hipnuc_attention_send.py	ac4b5c9968c28f00a660b3472825bbb569e59d96420ebbe0c97549fb1498458d
install/etc/hi13_imu_driver/hipnuc_config.yaml	9801738fbff3cb585f1e0d8189f899d732287cd62a78df26ee4525796eb21c84
install/etc/hi13_imu_driver/hipnuc_horizontal_calibration.py	a32378ce52c569632c24173cee035f9fee7c731045e15edf681621da26b67a0f
install/etc/hi13_imu_driver/hipnuc_horizontal_test.py	513b9be0f9ab1bcb72abc3810c1f3244863a1dcefcd6f22ac96337a480fec76e
install/etc/hi13_imu_driver/hipnuc_reset_horizontal.py	ecebf6029186a49b41374410c243f7b1cdfce7002501fadac9f070023e0e2630
install/etc/hi13_imu_driver/hipnuc_set_horizontal.py	d94d2cc7a5cb487ae701bc20bfa435f674ce7462699556e475f1f107f5fb4b23
install/etc/HU_D03_01_ability/DA_D03_03_ability.xml	3d54daddacbbf544eef07b0bf535bef32326c33f9edc28ba54bdb721637a5596
install/etc/HU_D03_01_ability/DA_D03_03_ability.yaml	44a4ea7412a899844b82c239143e6396fe56aa14933be30ede4992f89af3e878
install/etc/HU_D03_01_ability/HU_D03_03_ability.xml	7ba2346d616be1c7b5691a5eb3e07d514aa4d9b6a2bb2a87cb9641559b25b93b
install/etc/HU_D03_01_ability/HU_D03_03_ability.yaml	45192a97c5074db298f5ee5d4502fc2b1925855a4c3892d30b27d6e61296608e
install/etc/HU_D03_01_ability/HU_D04_01_ability.xml	0e129d4547d3972758a30898f33e9dd55ec2e2baeac21b64f2bfdf89bb23bd29
install/etc/HU_D03_01_ability/HU_D04_01_ability.yaml	85f61df28a2df3321fec26746ce99c8714e6e7868c04291dbbe7d8c476423b4e
install/etc/HU_D04_description/urdf/HU_D04_01_rl.urdf	d6077b01edf86c67f30553239eee607840abc6945487aa232883002977dc06ea
install/etc/HU_D04_description/urdf/HU_D04_01.srdf	6815e2421b58ff43d85a04bcede461a73110edca42c671188454042142025c1a
install/etc/HU_D04_description/urdf/HU_D04_01.urdf	22c63e28c172bb0ceefc5ca24686dc34b8ae902b334ec5ffbe8ee69203675cd6
install/etc/HU_D04_description/xml/HU_D04_01_agmr.xml	fe7c75a5b7e67506a6822699ace4657012fa80d945b7b17d76c7f4164cd67ebd
install/etc/HU_D04_description/xml/HU_D04_01_vis.xml	b07511c39e1c48ef5f51f34c137391291c6cc2a3c09110fabc52d9ea1c70dca0
install/etc/HU_D04_description/xml/HU_D04_01.xml	78974547f68504dfef03a795266247d05163ef6aa7893b939721361ae69c8d2e
install/etc/HU_L01_description/urdf/HU_L01_01_rl.urdf	8ea2cf4171dcc40179f031c19d223b3998783e67f63f57b162d0da2c827152ab
install/etc/HU_L01_description/urdf/HU_L01_01.srdf	6bcf0bd4bfddcc4ec98f3ee90191ca4e2cf30a1ff8de12435b7c9a58b16375f3
install/etc/HU_L01_description/urdf/HU_L01_01.urdf	396e33c8430d92d6c02792f77affd579edd4f4f95e9b91b885c8e73b7665ac8a
install/etc/HU_L01_description/xml/HU_L01_01_vis.xml	ac9230feea9560d5bf3e1ffbccc9461875c7716a0e3662e76b19ccc39465826e
install/etc/HU_L01_description/xml/HU_L01_01.xml	15903dec7db01f773df16177b38e5c2fd999387be157de25864e04cdf8557212
install/etc/HU_L02_description/urdf/HU_L02_01_rl.urdf	f6d514ef36f1547f8a5e8d27ae43a2e69c384eb20317eec7b2914d0a68f21361
install/etc/HU_L02_description/urdf/HU_L02_01.srdf	efe5ae0ca2fb7e18637a9ce279c706b27ebb94d3e1d731a31347ec1166b7e7ad
install/etc/HU_L02_description/urdf/HU_L02_01.urdf	022bf739e3f8e39a0c04b56b98f21256f16180bf8b1675e4d5805cf2a7211417
install/etc/HU_L02_description/xml/HU_L02_01_vis.xml	2338c780fbddaeb6375905469dfb4e087f8badc091b209885eae990a6fbefc1e
install/etc/HU_L02_description/xml/HU_L02_01.xml	2e835c3f9c4172e704a44d843990d0f136f66409cf1531fab46175f934da79a9
install/etc/HumanoidControllers/HU_D03_03/ArmTeleoperateHumanoidController/params.yaml	82228e898b91f139e593d59019992b9836ec6ded47b3e62c9108a64da102b83f
install/etc/HumanoidControllers/HU_D03_03/CommonHumanoidController/default.yaml	b0769b65fe68a94fa1d61393d1689b84fc8518d4398f5679986d246c07b7a2e8
install/etc/HumanoidControllers/HU_D03_03/CommonHumanoidController/params.yaml	dca50e9408a6b377106f2a76bd9fc0cc1c433e0f6341836d105df6c0899d7f98
install/etc/HumanoidControllers/HU_D03_03/config.yaml	52f2000224c7d63b266b137fe79e8510d7b3916e482b66f5c9c447411fbbb174
install/etc/HumanoidControllers/HU_D03_03/DampingHumanoidController/params.yaml	9e1f6ef14b400a170cfe9f8d46bf82d01086c7f2fe08371d3bf232372e44ff89
install/etc/HumanoidControllers/HU_D03_03/GoalConditionedMimicHumanoidController/param.yaml	79588356a8f86b78331c365ef69bb3bb98e140d585d44d4edb536d5cc47a02e4
install/etc/HumanoidControllers/HU_D03_03/IkStandHumanoidController/params_apose.yaml	03e5b3ff99bc3054d30a3f23f125fdad0feb0374ff3fbfb40bbbba0582109774
install/etc/HumanoidControllers/HU_D03_03/IkStandHumanoidController/params_default.yaml	3d9b89da35b0d166738bd628f015b7eaca2104a381233523658f36d4c633e6e4
install/etc/HumanoidControllers/HU_D03_03/IkStandHumanoidController/params_original.yaml	c0285434d37aa976341492d9b3a48f5a31f35839c01512132861e9a9d60d6abd
install/etc/HumanoidControllers/HU_D03_03/IkStandHumanoidController/params.yaml	3d9b89da35b0d166738bd628f015b7eaca2104a381233523658f36d4c633e6e4
install/etc/HumanoidControllers/HU_D03_03/IkStandHumanoidController/params_zero_leg.yaml	f7c6f0d3198cbc68bb8645f36859c9926e03db01385e9b01ff6ce4fe16e9f4a4
install/etc/HumanoidControllers/HU_D03_03/LieDownHumanoidController/param.yaml	1a5d0fff9c33501047d17f5bc52d081d728f71f4a415332fa22dc4b3573280bf
install/etc/HumanoidControllers/HU_D03_03/LowerBodyStandHumanoidController/params.yaml	7ed265c75cd2fc4946702f87765d1208e170f3ec445860f5b6ce9407656b537a
install/etc/HumanoidControllers/HU_D03_03/LowerBodyWalkHumanoidController/params.yaml	76cf15b8e1a5b89a287fa86839cba12677c59fc6aee72566eaa35aa6f0a430d6
install/etc/HumanoidControllers/HU_D03_03/MimicHumanoidController/param.yaml	faf5e909035c819fa36da31a345ed3e74cd5dcdca3a392383319aedd6ff2db3f
install/etc/HumanoidControllers/HU_D03_03/Quest3CoordinateTransformController/params.yaml	9c728e048a375602c03db6ca73a6a6ef3cce4b9f0967c21f5d4df5c3b915c089
install/etc/HumanoidControllers/HU_D03_03/StandUpHumanoidController/param.yaml	1a5d0fff9c33501047d17f5bc52d081d728f71f4a415332fa22dc4b3573280bf
install/etc/HumanoidControllers/HU_D03_03/WalkHumanoidController/walk_param.yaml	b88bfe322179254f5579ecc2fb0b99e32efaf87c658ccbc8f6ea33546607d525
install/etc/HumanoidControllers/HU_D03_03/WholeBodyController/params.yaml	f7942174ae201d5c94d1fff914dddd01090c07fd9bac79f6beedf59fc5122e8f
install/etc/HumanoidControllers/HU_D04_01/config.yaml	89cb099e8a2b3e969c9250af484fdcc35da388aeed4b1ee8d53613de16843ddd
install/etc/HumanoidControllers/HU_D04_01/DampingHumanoidController/params.yaml	9e1f6ef14b400a170cfe9f8d46bf82d01086c7f2fe08371d3bf232372e44ff89
install/etc/HumanoidControllers/HU_D04_01/GCMimicDanceHumanoidController/param.yaml	4c515d592346fae6def81525814bcc0d904032f095febd9b3b9381665d507c11
install/etc/HumanoidControllers/HU_D04_01/GoalConditionedMimicHumanoidController/param_d0303.yaml	610ad2ab0e03d0e1e67797c4a6f6f77bd9cce7433d92eb0d1e6817cc5a1c85e4
install/etc/HumanoidControllers/HU_D04_01/GoalConditionedMimicHumanoidController/param_d0401_leo_wrist3.yaml	4d884189ac981baea1288997fd9f92e296a002a63db40d20ae1f934cbd561d93
install/etc/HumanoidControllers/HU_D04_01/GoalConditionedMimicHumanoidController/param_d0401_leo.yaml	4c515d592346fae6def81525814bcc0d904032f095febd9b3b9381665d507c11
install/etc/HumanoidControllers/HU_D04_01/GoalConditionedMimicHumanoidController/param_d0401.yaml	9d1855710f467a18f741f529badffc73aef3b2c343831f08465a17e14b93b93c
install/etc/HumanoidControllers/HU_D04_01/GoalConditionedMimicHumanoidController/param.yaml	ee3471b607c78b172513b77ad703cc844de392f0bfe93d1b241ae68793687e29
install/etc/HumanoidControllers/HU_D04_01/GroundDetectionHumanoidController/params.yaml	a5a85d5c6e7ef68bf0d6d8cdb6c4a5d12cabb9e4ade51d9ad011fe83d1ed5b8d
install/etc/HumanoidControllers/HU_D04_01/HighkneeWalkHumanoidController/walk_param.yaml	a5a897c401328f98db4f864d04746c918179f70e93065ac495a9c836987ac0b2
install/etc/HumanoidControllers/HU_D04_01/IkStandHumanoidController/params_default.yaml	3d9b89da35b0d166738bd628f015b7eaca2104a381233523658f36d4c633e6e4
install/etc/HumanoidControllers/HU_D04_01/IkStandHumanoidController/params_original.yaml	c0285434d37aa976341492d9b3a48f5a31f35839c01512132861e9a9d60d6abd
install/etc/HumanoidControllers/HU_D04_01/IkStandHumanoidController/params.yaml	928ca3c4d80420503245a19a25412799ff75bd90bb7b6a602cfbad4892dcafc5
install/etc/HumanoidControllers/HU_D04_01/IkStandHumanoidController/params_zero_leg.yaml	f7c6f0d3198cbc68bb8645f36859c9926e03db01385e9b01ff6ce4fe16e9f4a4
install/etc/HumanoidControllers/HU_D04_01/LieDownHumanoidController/param.yaml	dda04241da58b832db958b4267e85eb2520607c416a9a46694d68e8d4ea60ff6
install/etc/HumanoidControllers/HU_D04_01/LieSitHumanoidController/param.yaml	dd3e55e24a8421f64e032afe01c1421aabd347b2d75629eb7db58cead5c4e73c
install/etc/HumanoidControllers/HU_D04_01/LowerBodyStandHumanoidController/params.yaml	77b9a9ca4a739817e70496047c707bdb495acff0da35f251d967f82f6d8720a4
install/etc/HumanoidControllers/HU_D04_01/LowerBodyWalkHumanoidController/params.yaml	47d9b04af15c4f325e51556e858dd2b1f133f25d0fb9c4419bb457ae915a040a
install/etc/HumanoidControllers/HU_D04_01/MimicHumanoidController/generate_setting.py	c73281cc1921b7d4c2955be1d4c69e74f9b7156b943878484f3e9860be53075f
install/etc/HumanoidControllers/HU_D04_01/MimicHumanoidController/param_base.yaml	7a1318df94413b95a3ba80aa2d72e2cd4b5b2dddf5441259c55ed6955f7fcede
install/etc/HumanoidControllers/HU_D04_01/MimicHumanoidController/param.yaml	706d125703c769ec7f581642786b0b414650073538efccc3a5688cab11bcd8e1
install/etc/HumanoidControllers/HU_D04_01/MimicHumanoidController/setting/DAN-01.yaml	67eaab39536ce9d9789fbee0de2246969bbad34fbbd07395b726058d91736761
install/etc/HumanoidControllers/HU_D04_01/MimicHumanoidController/setting/DAN-03.yaml	26ef006ccb2c73b27a9ec321aaa67346ff6b89c69d0d3d8c6152472503d1de1c
install/etc/HumanoidControllers/HU_D04_01/MimicHumanoidController/setting/DAN-04.yaml	71a2082f5d8961f9c4dbf217037e83e4aa3cde88516c6e170394f71f50702f88
install/etc/HumanoidControllers/HU_D04_01/MimicHumanoidController/setting/DAN-08.yaml	bd84ce3b5e3cf9e3c5e8505aba686446bb721ac44834c92d0c0bdfb6541a4c46
install/etc/HumanoidControllers/HU_D04_01/MimicHumanoidController/setting/DAN-09.yaml	7a076f906c61cab75ce274f7ab7a8e15342a43e02f1596822ee9c037e82bb65a
install/etc/HumanoidControllers/HU_D04_01/MimicHumanoidController/setting/DAN-11.yaml	2ff5d6c4cc98e4fef125641e3e63d25a1f0c2daacf87eebdd7fcde8c0bf99b3a
install/etc/HumanoidControllers/HU_D04_01/MimicHumanoidController/setting/DAN-13.yaml	20eb4b6a355ae97d224a83c8ceea1bd5a5556124eb9d54a45e2348b77986676f
install/etc/HumanoidControllers/HU_D04_01/MimicHumanoidController/setting/DAN-14.yaml	a15896c5467fd2c9efa824e3d0a5045148a13de435a0dafe3bed66e5ddcf28a0
install/etc/HumanoidControllers/HU_D04_01/MimicHumanoidController/setting/DAN-16.yaml	d99f15237841dfa68d23a1b5c8a21a8c56f2471856bd5d1174ac6212369b7152
install/etc/HumanoidControllers/HU_D04_01/MimicHumanoidController/setting/DAN-18.yaml	40357931b0f4f1892f009f029ddec0a285432cb3c8d10ddca9a8cfa731595e2b
install/etc/HumanoidControllers/HU_D04_01/MimicHumanoidController/setting/DAN-20.yaml	61a7f58c4ca02f086f0bf3e3e4d3970315d7b9bb65a3447e228435043b7efc31
install/etc/HumanoidControllers/HU_D04_01/MimicHumanoidController/setting/DAN-21.yaml	c4ff4061762603e40a9517ef7d86d1646ce9ff28ba375969304a2032738331be
install/etc/HumanoidControllers/HU_D04_01/MimicHumanoidController/setting/DAN-22.yaml	33b499105dd2c47651f131e34a36f49ed26325bf0dee171771b9cb1c23864037
install/etc/HumanoidControllers/HU_D04_01/MimicHumanoidController/setting/DAN-24.yaml	0f177c2c132081b3c396b15df7f9267827951d078327d7f71abb319304fcc0cd
install/etc/HumanoidControllers/HU_D04_01/MimicHumanoidController/setting/DAN-25.yaml	797c18c1665f0cc3f6fdc9f04c81a2d3c1620c034c6fbff5c963f9c68c617afa
install/etc/HumanoidControllers/HU_D04_01/MimicHumanoidController/setting/DAN-27.yaml	913a943275065eac40a5dcb307fa32943939f76bd75a036620e2fe79f8f2fdb7
install/etc/HumanoidControllers/HU_D04_01/MimicHumanoidController/setting/DAN-28.yaml	f2dbc500b07ad3c294fcfab6149903e9afea4de4a61259aabb30eba97f368da6
install/etc/HumanoidControllers/HU_D04_01/MimicHumanoidController/setting/DAN-30.yaml	aeb04ce7da86d82688ad5dd424daa75b7107a92304ae0bff5105f76104d3565a
install/etc/HumanoidControllers/HU_D04_01/MimicHumanoidController/setting/DAN-31.yaml	e8fb985defb2ae286d67b18bc98e2def20f93ce6b3eab1397e23d9c4239beaf7
install/etc/HumanoidControllers/HU_D04_01/MimicHumanoidController/setting/DAN-32.yaml	e08de80d03c49123f24f18302be6f387fe9bdadd7e2c9d7618315a2430569380
install/etc/HumanoidControllers/HU_D04_01/MimicHumanoidController/setting/DAN-34.yaml	8e28c8b6864cfbdc4412ec29629d5e13e95c7fd94969bfd6145ccf212823ef72
install/etc/HumanoidControllers/HU_D04_01/MimicHumanoidController/setting/DAN-35.yaml	14ab9b2327c8eea00563560dcf90bc65b67c4d6f8b7fb5230da42273af5fc9b3
install/etc/HumanoidControllers/HU_D04_01/MimicHumanoidController/setting/DAN-36.yaml	3286f9ee7fbe7bffa3a9b4a172469ea859d70fbdf6fdeb8871dc9ba05ebee591
install/etc/HumanoidControllers/HU_D04_01/MimicHumanoidController/setting/DAN-37.yaml	65c26ee58f3a4019d3292176380377a29383e34a7d1f404a5cefad48cc0e6226
install/etc/HumanoidControllers/HU_D04_01/MimicHumanoidController/setting/DAN-43.yaml	9eb0e185facb9a9d390e4f7e0e692f62d0fd94e356fe37b8a377710256c3f0d4
install/etc/HumanoidControllers/HU_D04_01/MimicHumanoidController/setting/DAN-44.yaml	e83aad18ce0dab259eb84f98b3656be725ca597c6016b9045401d5968e2a229e
install/etc/HumanoidControllers/HU_D04_01/MimicHumanoidController/setting/DAN-45.yaml	128d827d39f7a0cde1ef3b6c6ebe9c6d26c380cf57ba5a33a306209dff3161c7
install/etc/HumanoidControllers/HU_D04_01/MimicHumanoidController/setting/DAN-52.yaml	06b113218a98cc1e05e14b535a9873067ffb75eb1fc7c438ab15a1c6c18ec381
install/etc/HumanoidControllers/HU_D04_01/MotionLibraryMimicHumanoidController/motions.yaml	5c7b132aefad6b40ff1cbb16de1af5ebe0ddd4e8d20c038ad824e895f8ad4883
install/etc/HumanoidControllers/HU_D04_01/MotionLibraryMimicHumanoidController/param.yaml	ee3471b607c78b172513b77ad703cc844de392f0bfe93d1b241ae68793687e29
install/etc/HumanoidControllers/HU_D04_01/MotionStopHumanoidController/param.yaml	30f8d2f9f3e1737e4f78acd4fd9e53a04a76fe6c74070fc217fac6f00fd5dbb6
install/etc/HumanoidControllers/HU_D04_01/Quest3CoordinateTransformController/params.yaml	7bd3585628ae4bbc37fee050637853f49d1acffcca9338e2194840cd9b3ace78
install/etc/HumanoidControllers/HU_D04_01/RecoveryHumanoidController/param.yaml	30f8d2f9f3e1737e4f78acd4fd9e53a04a76fe6c74070fc217fac6f00fd5dbb6
install/etc/HumanoidControllers/HU_D04_01/SitDownHumanoidController/param.yaml	3b55ebc25e465514ac37ff0f986217d693c764d989a13adffc6a15fb7d55c8cf
install/etc/HumanoidControllers/HU_D04_01/SitStandHumanoidController/param.yaml	56b5e0b096c5dc429a0647e35659d14e36088c6dcabe29d7ca59d3cce8448153
install/etc/HumanoidControllers/HU_D04_01/SitUpHumanoidController/param.yaml	cb0a394918f1b32c6ed3cad0d2e9f5b4e4eceee439a139a6674edb96d3f46771
install/etc/HumanoidControllers/HU_D04_01/StandSitHumanoidController/param.yaml	59aa80aef24955bca99d6c8746849ceb524e7681519096d46ba2197a7cb6c049
install/etc/HumanoidControllers/HU_D04_01/StandUpHumanoidController/param.yaml	38cad6452045b3f0baabe4e77bdc90669d4aaedcbe922dd88aacfb7e90c37f1b
install/etc/HumanoidControllers/HU_D04_01/VideoMimicHumanoidController/param.yaml	9b76e8ca42e79c6005e1c0ca5d9a26ec4da666a084a7158a8ba64067dafe96b5
install/etc/HumanoidControllers/HU_D04_01/WalkHumanoidController/walk_param.yaml	fd8307035c30cc58d1cad8ddeaaf35548f2e9cc7813edef42b4f254612df6939
install/etc/HumanoidControllers/HU_D04_01/WholeBodyController/params.yaml	7cb3ae6e0e8a481e6771dfc75b2fda45e45d04fc3e7d93e4d7d3a2b72727ba77
install/etc/HU_N01_description/urdf/HU_N01_01_rl.urdf	80090c5b63b22f0c29b0f9a4f0286f9eaff9e613a34154572271a57f03dfd68e
install/etc/HU_N01_description/urdf/HU_N01_01.srdf	27e6a2debc18c127a6bd6040da7f63ff39d16ba8bee36c85a4034ce799e3fb95
install/etc/HU_N01_description/urdf/HU_N01_01.urdf	9560700a2fcc698bda49fcb3fc14fe50c600526ddb38a1310f8a2bd4ee78f321
install/etc/HU_N01_description/xml/HU_N01_01_vis.xml	1ed31efbbc0da51f0b0ec804b9e6c3c856b8063bac14fdf4b5f55b52201da97c
install/etc/HU_N01_description/xml/HU_N01_01.xml	d957336105083e1e222f2a9cd1711deb4a5297fc6d631621b1bfa1ca9d9f0930
install/etc/joint_calibration/config/DA_D03_03/calibrate.yaml	acd5e9a348b2aea747993e60015e3edc22ae1a9a4b867e167a081f593d20978c
install/etc/joint_calibration/config/DA_D03_03/joint_limit.yaml	a2786aa8931cb212e7e7d24024f2875c980684521e81ce705ebc39e2db350901
install/etc/joint_calibration/config/DA_D03_03/joint_names.yaml	590fca80208d5aebc04a6f30422af76ea1edffd805a716e31bbde6cc78dee088
install/etc/joint_calibration/config/DA_D03_03/joint_offset.yaml	28f78a5a0553278500a6541ae28338dbafe981b02a5746f171a989992bc0c9bd
install/etc/joint_calibration/config/DA_D03_03/joint_pd.yaml	abb39143343252c2ea75f0c72c0df75dad915cec7b996beac8b39b1ac3415645
install/etc/joint_calibration/config/DA_D03_03/robot_data.yaml	3b00a507105dbb6f1e344817566f7821128cb23e632c6d499e51d93c40f9cad0
install/etc/joint_calibration/config/DA_D04_01/calibrate.yaml	e641a9c01e96d9418a8b2c6198c7940b2a90b3029afcdd8f7d720d5fc2dacdbc
install/etc/joint_calibration/config/DA_D04_01/joint_limit.yaml	57c3ca2ff85155e02844cf539cb28292d0db292c104b6a38dd1845b96cefcdf0
install/etc/joint_calibration/config/DA_D04_01/joint_names.yaml	99294b0e07bb5719ae0b9ba5355cdaa3b160d54103ac367e336934ce65315fb9
install/etc/joint_calibration/config/DA_D04_01/joint_offset.yaml	28f78a5a0553278500a6541ae28338dbafe981b02a5746f171a989992bc0c9bd
install/etc/joint_calibration/config/DA_D04_01/joint_pd.yaml	60b57f8926f0d77d64c028d369ab95346f30938123f2cf9cb3d2f48724e86df7
install/etc/joint_calibration/config/DA_D04_01/robot_data.yaml	3b00a507105dbb6f1e344817566f7821128cb23e632c6d499e51d93c40f9cad0
install/etc/joint_calibration/config/HU_D03_03/calibrate.yaml	1e1e0f1ff9d71e6d28453762ff57aa4979d46fc66a1d1845ec219c880f6d3a54
install/etc/joint_calibration/config/HU_D03_03/joint_limit.yaml	4aa05c0a544a8fa50b7454df370510f98d63fe0adcc47fc7bb6901764e513e43
install/etc/joint_calibration/config/HU_D03_03/joint_names.yaml	d4c230f4268231960d743f5c77c4a650910eab623eb6caaf75d849120e410b49
install/etc/joint_calibration/config/HU_D03_03/joint_offset.yaml	3b7d838ae4314b0b8ddae5fc5e2575a5d29df4a3453edb295fa5df0549023d9e
install/etc/joint_calibration/config/HU_D03_03/joint_pd.yaml	4f645f47d737000e994a9dd22dfede7b3cca04d4270b569be9e0a7e047594b62
install/etc/joint_calibration/config/HU_D03_03/robot_data.yaml	42ae9ed91eeda3dbfc994fb96a05aad4eace9b6149d9ae64cd52b1e075860a5d
install/etc/joint_calibration/config/HU_D04_01/calibrate.yaml	a171c260d9141035e05fc97ae1c076ef2664e9542fc49d2d5cb32cbf148046a8
install/etc/joint_calibration/config/HU_D04_01/joint_limit.yaml	7a13443fcb2c47868cd0926ad9cdbff4baa6935dbb54d8441ffdc2eed56e7fa4
install/etc/joint_calibration/config/HU_D04_01/joint_names.yaml	05e1cc16ee8c4bf3375684e1004ff774f20bdf5fd60f998fef1a6f85c5f1a65a
install/etc/joint_calibration/config/HU_D04_01/joint_offset.yaml	3b7d838ae4314b0b8ddae5fc5e2575a5d29df4a3453edb295fa5df0549023d9e
install/etc/joint_calibration/config/HU_D04_01/joint_pd.yaml	4f645f47d737000e994a9dd22dfede7b3cca04d4270b569be9e0a7e047594b62
install/etc/joint_calibration/config/HU_D04_01/robot_data.yaml	42ae9ed91eeda3dbfc994fb96a05aad4eace9b6149d9ae64cd52b1e075860a5d
install/etc/joint_calibration/config/HU_L01_01/calibrate.yaml	b9dea6fd2e86cb08f9a82ab82c59068519a1b66668c50ed628e7714100ddaf8e
install/etc/joint_calibration/config/HU_L01_01/joint_limit.yaml	26735153dc61f26bb9043efa6e230c5f6752f1af6ea0bad99c7a1520b4579e25
install/etc/joint_calibration/config/HU_L01_01/joint_names.yaml	c7098d9f6be33ce0ec8503cd752b15b33ce0f98a30fe3ffb56b9b4679f49f645
install/etc/joint_calibration/config/HU_L01_01/joint_offset.yaml	f69dc47a86f41863bbc937d6506b61908cfa47f214593bb428a915babd77bc16
install/etc/joint_calibration/config/HU_L01_01/joint_pd.yaml	46cf2d6fd2c2478ee88af9b8632e3687e6c352c52c7b3c3ef4799a72107588ee
install/etc/joint_calibration/config/HU_L01_01/robot_data.yaml	b900fac372e3703bec40ebcb289b8cc4cc3d104600efc07c061e44209a52d4e4
install/etc/joint_calibration/config/HU_L02_01/calibrate.yaml	b9dea6fd2e86cb08f9a82ab82c59068519a1b66668c50ed628e7714100ddaf8e
install/etc/joint_calibration/config/HU_L02_01/joint_limit.yaml	d610639d74bfa981c657bb981f5e59680abb59b646e133e0396bf649f1c95180
install/etc/joint_calibration/config/HU_L02_01/joint_names.yaml	1904623f7f9aaa9209b4b65ae6c54834169b4ea6cc4c333283f2f9bcaa76d1b5
install/etc/joint_calibration/config/HU_L02_01/joint_offset.yaml	f69dc47a86f41863bbc937d6506b61908cfa47f214593bb428a915babd77bc16
install/etc/joint_calibration/config/HU_L02_01/joint_pd.yaml	46cf2d6fd2c2478ee88af9b8632e3687e6c352c52c7b3c3ef4799a72107588ee
install/etc/joint_calibration/config/HU_L02_01/robot_data.yaml	b900fac372e3703bec40ebcb289b8cc4cc3d104600efc07c061e44209a52d4e4
install/etc/joint_calibration/config/param.yaml	4e73dd46f121af30affd895caf4aefdb3b500e737401ca099ae251f7b4fcf844
install/etc/joint_calibration/config/UB_D03_02/calibrate.yaml	b9435a6a1c45883cc63754700aae270dcb641fe3524807c1ea8175c6b439c71c
install/etc/joint_calibration/config/UB_D03_02/joint_limit.yaml	fce80c2bd88b87680b2ddb433db491effad09f7a574e938d6eadf284d69e80fe
install/etc/joint_calibration/config/UB_D03_02/joint_names.yaml	56c4ae5fb56063be7244dd4557722feff23e3bde42865781bc3f322c08f41b9c
install/etc/joint_calibration/config/UB_D03_02/joint_offset.yaml	54d26710879acabab78eea65b90ba5310cd2fcc0bbc2099910835788ac403b31
install/etc/joint_calibration/config/UB_D03_02/joint_pd.yaml	a6da807443d69a69be281bbec3a40ad5aa9c5053fcf46675cbc8c3f88c2f2e4e
install/etc/joint_calibration/config/UB_D03_02/robot_data.yaml	5b2af3a0e1c0f40be5b1c57b8db27bbe4d7a6e7e0ebdc05ed0ea8723597ccece
install/etc/joint_calibration/config/UB_D04_01/calibrate.yaml	53d0a3baaa181e0ba9d9a4cebb1fea1a674c4e31d4e01a3266951eea951144bb
install/etc/joint_calibration/config/UB_D04_01/joint_limit.yaml	32393b3b5a1c131de5fc8bbcb8a4b354b56c0a5380aaa6705bbf7679349f5960
install/etc/joint_calibration/config/UB_D04_01/joint_names.yaml	8cf6ba6e6fd681545d83c2aa7f34d5cbf6a19d685b25fac2d85e3f2e0f5f54e0
install/etc/joint_calibration/config/UB_D04_01/joint_offset.yaml	559ad55f6af2e4c3277e7334f73869c2e71a3151f1ca7ec1fa66ba27a6a339d6
install/etc/joint_calibration/config/UB_D04_01/joint_pd.yaml	7130c4242d3e21b57f7202ef11e77561d78f1d5430a21705652c954176497dfc
install/etc/joint_calibration/config/UB_D04_01/robot_data.yaml	64634bd6285730ba6a3d9647733387527ec2fbef73222936bde7f43c7705de46
install/etc/kinematic_projection/DA_D03_01/config.yaml	3a90e9744d7b7d79725f4815386d021fd17b14b2016501e5403c55d8da134316
install/etc/kinematic_projection/DA_D03_02/config.yaml	187af51663e4f6fef296048add8aa64de0275bc5f543ca4578b4b7827bb7a58e
install/etc/kinematic_projection/DA_D03_03/config.yaml	a7fc025c977e36289abecac41d767d8ce13687c4d97807f03d2e4b66ff343b8a
install/etc/kinematic_projection/DA_D04_01/config.yaml	d3d48e58145716799b70add009e95f817d36b78d5751a1c4644a8285dac6b0de
install/etc/kinematic_projection/HU_B04_01/config.yaml	5953c02f9dd449787a7c3256674167314d8fe8fb432aded83c84e88fa03f98b0
install/etc/kinematic_projection/HU_B04_01/left_ankle_model.yaml	c02cef5074fa67da3becdbb60d895df2ed9e7859cf492b813bb6c653698f9514
install/etc/kinematic_projection/HU_B04_01/right_ankle_model.yaml	5d5af930cc2d8fe17a0ae6a97a03c166c1c8887ea3c8d6bf7a33397cb2d4f60c
install/etc/kinematic_projection/HU_B05_01/config.yaml	f6d6040e112d1924cf595315545704088fa034ed59116854187bbb2c555ed681
install/etc/kinematic_projection/HU_B05_01/left_ankle_model.yaml	c02cef5074fa67da3becdbb60d895df2ed9e7859cf492b813bb6c653698f9514
install/etc/kinematic_projection/HU_B05_01/right_ankle_model.yaml	5d5af930cc2d8fe17a0ae6a97a03c166c1c8887ea3c8d6bf7a33397cb2d4f60c
install/etc/kinematic_projection/HU_C01_01/config.yaml	dfdb082591b7697714c7763918afb76c92f519500e8f38216dbd1886d596d3d5
install/etc/kinematic_projection/HU_C01_01/left_ankle_model.yaml	c02cef5074fa67da3becdbb60d895df2ed9e7859cf492b813bb6c653698f9514
install/etc/kinematic_projection/HU_C01_01/right_ankle_model.yaml	5d5af930cc2d8fe17a0ae6a97a03c166c1c8887ea3c8d6bf7a33397cb2d4f60c
install/etc/kinematic_projection/HU_D01_01/config.yaml	a70c7a33149d5b4c1e9b1237bb44f7427e0286815c477d44ef990026f85903b1
install/etc/kinematic_projection/HU_D01_01/left_ankle_model.yaml	1d6727eac512ae22995fd2117d96896c4a648a7adb6dcfff94988e2e1ec0dcc0
install/etc/kinematic_projection/HU_D01_01/right_ankle_model.yaml	72c6ad0710b0cc5fc03f70428d8ca4adeb0f3830720ff72b4949ad7919ae8761
install/etc/kinematic_projection/HU_D01_01/waist_model.yaml	c6d664a5d2807e7b1c44ce7edc714486fa1c5494281f9f0c9fd1a2c68a841df6
install/etc/kinematic_projection/HU_D02_01/config.yaml	a7067f9be42ce01a9def5d4ec92097a05c2fda0252c1073af79b905dfb7c0e03
install/etc/kinematic_projection/HU_D02_01/left_ankle_model.yaml	1d6727eac512ae22995fd2117d96896c4a648a7adb6dcfff94988e2e1ec0dcc0
install/etc/kinematic_projection/HU_D02_01/right_ankle_model.yaml	72c6ad0710b0cc5fc03f70428d8ca4adeb0f3830720ff72b4949ad7919ae8761
install/etc/kinematic_projection/HU_D02_01/waist_model.yaml	152984e993b6564a05eb032b3041ddcf6ebf373468550d59981059d254a54795
install/etc/kinematic_projection/HU_D03_01/config.yaml	441fff0bebe57bff577772f450d66f8d8da85f0b4053504f868edf761218bfb2
install/etc/kinematic_projection/HU_D03_01/left_ankle_model.yaml	8cba92aa5d00b4d0a29fa5421a3b198c12d24444f1df78e84177800d2eef375a
install/etc/kinematic_projection/HU_D03_01/right_ankle_model.yaml	feca53b7894fd6eb087188584ad1b106f18513f311c3beb768733856cf49c203
install/etc/kinematic_projection/HU_D03_01/waist_model.yaml	b5f16bbfe3639aef4406c6daf30fd1d89d3018bff952a1e3d404e2ef25d65426
install/etc/kinematic_projection/HU_D03_02/config.yaml	57b5c1a261a9b5fb013ebada2811c27b180300d2b1ba7c77d9e5ee6f49304337
install/etc/kinematic_projection/HU_D03_02/twisted_left_ankle_model.yaml	333b531dfd608e461872fbc1e5c4aee58573da142331565ca340c0d388f66f15
install/etc/kinematic_projection/HU_D03_02/twisted_right_ankle_model.yaml	7a36b942e343a9d2432e3906a7c7597b8f84cee20a1bedf2786f458db8c90cde
install/etc/kinematic_projection/HU_D03_02/waist_model.yaml	fd810eb037261ad0632b2f208bbdd2b638a185a98c3aaffbfed9c214e85f54d6
install/etc/kinematic_projection/HU_D03_03/config.yaml	2f85369101639d7cf8fe58a924e0f40ea753a00be37c5354dbe46728711cda2e
install/etc/kinematic_projection/HU_D03_03/twisted_left_ankle_model.yaml	c7fb19cad6e2e8ac6f67f5687258b525584932eaa1120f69c64c66c01539c47e
install/etc/kinematic_projection/HU_D03_03/twisted_right_ankle_model.yaml	8d6584969f824a179478d06f1f9d73b27d4684fe57c188b08d8d6d1cbb020985
install/etc/kinematic_projection/HU_D03_03/waist_model.yaml	fd810eb037261ad0632b2f208bbdd2b638a185a98c3aaffbfed9c214e85f54d6
install/etc/kinematic_projection/HU_D04_01/config.yaml	18bfacb996bca03b60871abe9373a03b06b162e1267cfb6d1ad653b3dcad5dbc
install/etc/kinematic_projection/HU_D04_01/twisted_left_ankle_model.yaml	c7fb19cad6e2e8ac6f67f5687258b525584932eaa1120f69c64c66c01539c47e
install/etc/kinematic_projection/HU_D04_01/twisted_right_ankle_model.yaml	8d6584969f824a179478d06f1f9d73b27d4684fe57c188b08d8d6d1cbb020985
install/etc/kinematic_projection/HU_D04_01/waist_model.yaml	fd810eb037261ad0632b2f208bbdd2b638a185a98c3aaffbfed9c214e85f54d6
install/etc/kinematic_projection/HU_L01_01/config.yaml	ddc6cfcc0c6bd10f52c173886838cf210dfab9f91b0a907110785c3e703916ed
install/etc/kinematic_projection/HU_L01_01/left_ankle_model.yaml	591c5df7273a2fe8448ab503db744b1c148ef5f897f08627662b93b43912a956
install/etc/kinematic_projection/HU_L01_01/reverse_waist_model.yaml	c2a909477a4e99dd4b632ee98cc810b6f27939c818706c621188d5322dd309df
install/etc/kinematic_projection/HU_L01_01/right_ankle_model.yaml	8ebe70a2d4196ee3441f49f09ed4c374a4380e8adad75fceefcb90e6832a8ea5
install/etc/kinematic_projection/HU_L02_01/config.yaml	0b8da5c3ee3247b6b3b4b4a76878f21348e40aacb16ae371ac01c739204633ed
install/etc/kinematic_projection/HU_L02_01/inverse_waist_model.yaml	ab2eb6ea4eb5f20bbf43d2c30b042bf2914a417233fb59f5f5ef12e121cbaaeb
install/etc/kinematic_projection/HU_L02_01/left_ankle_model.yaml	9862c055e39ba82223af7bf1219eda9184e63f1f26282de7cfb09a25f80486b0
install/etc/kinematic_projection/HU_L02_01/right_ankle_model.yaml	5b643ccb5716da4520a09211a364882e84e917a90cbe40709b9d5aacb413cda2
install/etc/kinematic_projection/UB_D03_01/config.yaml	9dc37252cf5d21b23501004f161d2442c4b0b150524000428bcdb918629fb9fd
install/etc/kinematic_projection/UB_D03_01/waist_model.yaml	b5f16bbfe3639aef4406c6daf30fd1d89d3018bff952a1e3d404e2ef25d65426
install/etc/kinematic_projection/UB_D03_02/config.yaml	6582a217fff9fbd59aa7efd9f5d6bbdb4dba8f415ee1d41f7a5660cb4904969d
install/etc/kinematic_projection/UB_D03_02/waist_model.yaml	fd810eb037261ad0632b2f208bbdd2b638a185a98c3aaffbfed9c214e85f54d6
install/etc/kinematic_projection/UB_D03_03/config.yaml	6582a217fff9fbd59aa7efd9f5d6bbdb4dba8f415ee1d41f7a5660cb4904969d
install/etc/kinematic_projection/UB_D03_03/waist_model.yaml	fd810eb037261ad0632b2f208bbdd2b638a185a98c3aaffbfed9c214e85f54d6
install/etc/kinematic_projection/UB_D04_01/config.yaml	a2a32b0f01bd2096d26f39762d08bb364afddf09cc1478cbb5d307ac4725debf
install/etc/lidarslam_launch/lidarslam.launch	fd34c19ec0acd37a8c8047bb3067ef98350d00abe925f516225001ea78b3c390
install/etc/livekit/configs/oli_edu_dual_usb.yaml	2dbc25b226446d22b00823fd74710b5f2c6dd5bcc04363f86fdde22278340fd4
install/etc/livekit/configs/oli_edu_mros.yaml	084631b473c1db6fefb590e389a6b7c30a85bff1531d8a855712b2f30c5025d7
install/etc/livekit/configs/oli_edu.yaml	d000f220054ca13b3e8c0abe67a8b455c4fe8ba2b0f7c00fc54dcf2a3aa36579
install/etc/livekit/configs/tron2.yaml	6715621f857f7af4dda4c3114503c96114440e8060481dc974165559835e4bc0
install/etc/livox_ros_driver2/HAP_config.json	956414d48bf17af2427e2b8f3dbbeff92345f93fe81e97422f22117ea0ef3f35
install/etc/livox_ros_driver2/livox_ros_driver2.yaml	fce71f3195bbb1c90bce9960aa5f5d74ebb07d34dbab4d107044301efd9857a4
install/etc/livox_ros_driver2/MID360_config.json	547a5e898b3939f29a87105963faffdb298d56b1d60ef77bdfc7c852103d46d0
install/etc/livox_ros_driver2/MID360s_config.json	d611e7ed3f4f375996b6a522c8680649cfdf4d05dde95c022d6746d2017b340d
install/etc/livox_ros_driver2/mixed_HAP_MID360_config.json	99895013db7bfc1d58fef1abb2d25461624ab468bce5f5c4381172f3b7d235cf
install/etc/map_server/map_server.yaml	90e8fd4d6251a9aef93a15be17d1ff8b9efa2585c17668e29440bddf7492d7e9
install/etc/map_server/pcd_to_map_2d.yaml	dff75c4699b466a99ae7c90518502c9a86ea35553cdc727fd7edebcc0b69f5e6
install/etc/mission_engine/config.yaml	7b9d4111268b63c5a630375ebaf5e8a00b42e53a6e3cae92c7505bcc2f09b6e1
install/etc/mission_engine/dance_mapping.yaml	69a80ed830982a255188702eaf30de484efe1cca68ca087facda9358cfd960e8
install/etc/mission_engine/HU_D02_abilityloaders.yaml	65ec55d1571320f5a6ca1053f4baf814c031f0028f362231f53d7bc2c2d8fcc1
install/etc/mission_engine/imuoffset.yaml	4d4cad4f9518e944d13bbc98ff40eb48d938743d0c70d04b17835144584dee03
install/etc/mission_engine/joy.yaml	9c896c8bc62a8cca2d47987e6ae440315e4c7e51578ece38d253a554a474500e
install/etc/mission_engine/onboard_start.launch	5de8b5e1e89c8bf520b60e24028631a2fbd0daa413e7367e9e1efc2bfe14b611
install/etc/mission_engine/sim_start.launch	7d2e78203b6f23aea94bfbb8d1bb1744d9496f5a0696a5cc3e7537bd79429643
install/etc/mission_engine/skill_demo.yaml	65ec55d1571320f5a6ca1053f4baf814c031f0028f362231f53d7bc2c2d8fcc1
install/etc/mission_engine/standing_task/application_light_controller.py	0e238badcfe8b497feb5596fbc466ffa29470275f96feae6585ee8cf3d7cfb31
install/etc/mission_engine/tree_nodes.xml	7338cd3a0b71c94c4458a00b440cb1b00e75c0edc9cd9932d699342dd1c065f3
install/etc/mocopi_teleop/config/param.yaml	ed3728277c04769617942d65c6d70b8f7811bac2fbcf463c8764d56bb0562e80
install/etc/move_base/global_costmap.yaml	7161f838782fb307d9da11db674c20c4c7a8f3ea240b2ec6ab1108de4190b04a
install/etc/move_base/local_costmap.yaml	f44315aa5378953a8e7249ebb6c95f0aec816414b3917a5c7fd76378644dca0e
install/etc/move_base/move_base.yaml	7556872b12e8ad082bc0280201789e5006f00dceec4078c1e8af3a383130000d
install/etc/mroscontrol/test/cmd_test.yaml	a030800d79a259b42afbf20bfad88e75cc50f18a44e2c0a0f6bcdd4e47a86371
install/etc/mroscontrol/test/cm_test.yaml	c6cde58a9a62e3dc85217bf02ba231c44d3eec53c2242fcb72c78e0ac6f59098
install/etc/mroscontrol/test/combined_robot_hw_test.yaml	cdbf93727ce365a2855ecd384cf3c967adf823fc1228a575c696aa0b1f2a11ee
install/etc/mroscontrol/test/controller/joint_state_controller_extra_joints_ko.yaml	afb9f69a378c5b2dc140e9a233cbf2e15a905f49b43e4939b665eb302c5b2140
install/etc/mroscontrol/test/controller/joint_state_controller_extra_joints_ok.yaml	01794940dd3cbbfcb9d2d90ad696d85feb25fa45b336c0e1bbc0e2ce9e88c069
install/etc/mroscontrol/test/controller/joint_state_controller_ko.yaml	a67570f09100ecd147f7073b5ec8687b51c814691088ee46943c45b47ebfe622
install/etc/mroscontrol/test/controller/joint_state_controller_ok.yaml	e59f4d76613b49fca8205c4d26dc3865736c86ea7fabdc2adb86322c16199721
install/etc/mroscontrol/test/controller/joint_state_controller.yaml	4f5efb383c5d68559aa8d1d1c980593ed71d7009399d9976012539f12a9a2eec
install/etc/mroscontrol/test/hwi_switch_test.yaml	d35a0e7e00f66b5627a4513049a0dbbb8c16976bfce6b6d38fb969aa88b2a4bf
install/etc/mroscontrol/test/hwi_update_test.yaml	726be0802321eecc472acc072a95e4ed0637f3e250d993bffdb3eb3d17bee316
install/etc/mroscontrol/test/joint_limits_mrosparam.yaml	aa275054c3111a589099cbcb6b72ca943f1128cf60f8050feb8a4ba9d5c69ab6
install/etc/mroscontrol/test/urdf/differential_transmission_loader_full.urdf	e72d9945ebe99ccb2932f70b8db28c3962205f3441925a603f8873f45b4b8640
install/etc/mroscontrol/test/urdf/differential_transmission_loader_invalid.urdf	128c5d36722e2f4782fd5c2b365e69209c4be37ca53764635f3473276a122e80
install/etc/mroscontrol/test/urdf/differential_transmission_loader_minimal.urdf	3ae3274bd952076ac5ca25585044b4a72c97d23dd999ded63e9a252934f5bff1
install/etc/mroscontrol/test/urdf/four_bar_linkage_transmission_loader_full.urdf	107bb8895f318866bbf2daf8e67689f0ec31283c6b9c42f59b0a46923bbcccb0
install/etc/mroscontrol/test/urdf/four_bar_linkage_transmission_loader_invalid.urdf	f6ed479c310df6c90426eac259b70801dc545c607ca794523bbfb5992327b45b
install/etc/mroscontrol/test/urdf/four_bar_linkage_transmission_loader_minimal.urdf	38cb2f33d094a7a26c6ceb45baf057bdbb8412d79112c3d3524f0b58a52bd8dc
install/etc/mroscontrol/test/urdf/parser_test_invalid.urdf	be5164b0d6e07fe048afa7f81a770984725471b976c81424b63172861ff27d09
install/etc/mroscontrol/test/urdf/parser_test_valid.urdf	1d4846589ff50b2ad2a04bc91380441ed91676b2d75495f4dce348923b08c899
install/etc/mroscontrol/test/urdf/simple_transmission_loader_full.urdf	8a58aae47f85ce66bd1dd028fa659d0a709cc6b00e98a840ce2072b42b90ca03
install/etc/mroscontrol/test/urdf/simple_transmission_loader_invalid.urdf	64ce71bcf75b8bf7a892323a03b442577127ff26578c1b28fa521fcf6b4791cd
install/etc/mroscontrol/test/urdf/simple_transmission_loader_minimal.urdf	bd9393e8458fdf25f4c1d3e1d00141a699a7524ada7a807f4c6f7f173c2e0257
install/etc/mroscontrol/test/urdf/transmission_interface_loader_bidirectional_valid.urdf	af155f2272b17614f7a4f0fa8b1ae75d42aa8271bc2296fc38532d704baeb220
install/etc/mroscontrol/test/urdf/transmission_interface_loader_duplicate.urdf	518df4ee971dd66631a2b7ba852518f47f5c08b358290e95cc637875816316ab
install/etc/mroscontrol/test/urdf/transmission_interface_loader_hw_iface_permutation.urdf	d6f4f6461213caee689e03a99f56879b248852650807beda25c9c04170d911a8
install/etc/mroscontrol/test/urdf/transmission_interface_loader_unsupported.urdf	9cd0c461297c6f5b5abfed36ca675665e9a729e08dcbde9d5cd232af79bc1868
install/etc/mroscontrol/test/urdf/transmission_interface_loader_valid.urdf	73954f889b54a1c878c0a63565f56d17696fbaf2cfe2f3d2126b2865e2dfd8cf
install/etc/mrosjoy/joy.yaml	3c8d4bf59ef290798c86285e98bb2e5e0b0e3e01443b9daade5ceac5137d32f4
install/etc/mrosjoyteleop/joy.yaml	e7ac2589a09176f1951dc6742b4abd970d2a0d2818bb21ed00fb7067b9a51a18
install/etc/mrosplugins/bgp_plugin.xml	dd9a5c052c2f708941b5403a3982ad4d7ab95f38a68e1e85265a951bae231d63
install/etc/mrosplugins/ccr_plugin.xml	872d629529969e29eb1f8f736d80ae5c253fe10314d79bb567c40a91e68316fd
install/etc/mrosplugins/DA_D03_03_ability.xml	3d54daddacbbf544eef07b0bf535bef32326c33f9edc28ba54bdb721637a5596
install/etc/mrosplugins/DA_D03_03_ability.yaml	44a4ea7412a899844b82c239143e6396fe56aa14933be30ede4992f89af3e878
install/etc/mrosplugins/data_collector.xml	74189065fa54fbc5a2e0c3dea72de5deeb787f0257fe83290a4ac94f13705a5e
install/etc/mrosplugins/HU_D03_03_ability.xml	7ba2346d616be1c7b5691a5eb3e07d514aa4d9b6a2bb2a87cb9641559b25b93b
install/etc/mrosplugins/HU_D03_03_ability.yaml	45192a97c5074db298f5ee5d4502fc2b1925855a4c3892d30b27d6e61296608e
install/etc/mrosplugins/HU_D04_01_ability.xml	0e129d4547d3972758a30898f33e9dd55ec2e2baeac21b64f2bfdf89bb23bd29
install/etc/mrosplugins/HU_D04_01_ability.yaml	85f61df28a2df3321fec26746ce99c8714e6e7868c04291dbbe7d8c476423b4e
install/etc/mrosplugins/mrosplugins.xml	d9ff1762d5f66dc06639336454a114e814d058cdaf17c2ce0a4b3ebeeca78acc
install/etc/mrosplugins/realsense_mros.xml	38729de66967a58e8e9c755edd21ec02f5c89d116c75a76d9710926fd5a61bb4
install/etc/mrosplugins/rotate_plugin.xml	6b9107e8f186b0535afaf3fc045e9b8c34dfc8fd2faa8a7d9533ee14d393a20c
install/etc/mrosplugins/teb_plugin.xml	c7c20ac1bf45552e0325ae682902dc276b6d93b1a0a772f764b112f1edf545ed
install/etc/noitom_mocap_node/param.yaml	9ae24847786930cfa75aeada62634adf2966790de0b5764c65722582633d7984
install/etc/noitom_mocap_node/retarget.json	95bddfa8a19e73e5b36e75cc086826f973a4917dd7c8f5665e23e998c07106a3
install/etc/pcd2pgm/pcd2pgm.yaml	faee3012cf309695e6ed704a7e8493d6c634a0e9dc6384f7a950b33443ab42bb
install/etc/quest_server/agore/config/agore_config.json	ce812360d3a15f638790a6555fc11df479bc5f49a6e7a07284f5cb45ba156c88
install/etc/quest_server/agore/config/agore_default_config.json	8b0061a7c77fcea24afcad0b1385802b40689d7270801945eefb5327fea4079c
install/etc/quest_server/agore/config/agore_h264_config.json	7ecb74db9a9289e91a840ccd9b8a60fe789ffbd3cfb38ffa9cb30af38d5fc0c2
install/etc/quest_server/agore/config/receiver_config.json	e73487929ac90cfa4c4af0a09209fd377087173ca852fea110a2e6ac6933ae0b
install/etc/rbtmgr/camera_driver.yaml	bae8739af680f87b9e2188f8aad3e11613bdfc6db25b11dd1b6dc12b0c03a8d0
install/etc/rbtmgr/motor_config_DACH_TRON2A.yaml	999ac76a8597eee969d0d8d7391cc0d4e297d29c3a60afd415f96af8554bd9be
install/etc/rbtmgr/motor_config_DA_D03_01.yaml	944e6e6813539ec49fdddbf5e1c1e89fdf5eb9c8224aa794e681762b250aacf0
install/etc/rbtmgr/motor_config_DA_D03_02.yaml	944e6e6813539ec49fdddbf5e1c1e89fdf5eb9c8224aa794e681762b250aacf0
install/etc/rbtmgr/motor_config_DA_D03_03.yaml	944e6e6813539ec49fdddbf5e1c1e89fdf5eb9c8224aa794e681762b250aacf0
install/etc/rbtmgr/motor_config_DA_D04_01.yaml	944e6e6813539ec49fdddbf5e1c1e89fdf5eb9c8224aa794e681762b250aacf0
install/etc/rbtmgr/motor_config_DA_TRON2A.yaml	999ac76a8597eee969d0d8d7391cc0d4e297d29c3a60afd415f96af8554bd9be
install/etc/rbtmgr/motor_config_HU_D03_01.yaml	f1ab34163f292b8ff28ce9a17f7fdc4a59db9e45a54ec14060c5da6ba6e06f6c
install/etc/rbtmgr/motor_config_HU_D03_02.yaml	f1ab34163f292b8ff28ce9a17f7fdc4a59db9e45a54ec14060c5da6ba6e06f6c
install/etc/rbtmgr/motor_config_HU_D03_03.yaml	6fb6541a5f772dc546f96baf093484a54902babc68a10cb9fa847e98ea89683f
install/etc/rbtmgr/motor_config_HU_D04_01.yaml	aeb1fff2750b009dc9dcbb5ac81fa8a29e8d7c80bdfa8300608f2c2f7b78e52c
install/etc/rbtmgr/motor_config_SF_TRON2A.yaml	999ac76a8597eee969d0d8d7391cc0d4e297d29c3a60afd415f96af8554bd9be
install/etc/rbtmgr/motor_config_UB_D03_01.yaml	56aba9c2fc9b012c1b99d2463966be3ad47e04a651ce33b85bc23f4033eeca27
install/etc/rbtmgr/motor_config_UB_D03_02.yaml	56aba9c2fc9b012c1b99d2463966be3ad47e04a651ce33b85bc23f4033eeca27
install/etc/rbtmgr/motor_config_UB_D03_03.yaml	56aba9c2fc9b012c1b99d2463966be3ad47e04a651ce33b85bc23f4033eeca27
install/etc/rbtmgr/motor_config_UB_D04_01.yaml	56aba9c2fc9b012c1b99d2463966be3ad47e04a651ce33b85bc23f4033eeca27
install/etc/rbtmgr/motor_config_WF_TRON2A.yaml	999ac76a8597eee969d0d8d7391cc0d4e297d29c3a60afd415f96af8554bd9be
install/etc/realsense_mros/realsense_mros.yaml	c41bd951becf248c95a2b858eaa0bd8ef6075d213fdb8537d069a882316e5a1d
install/etc/robotlogger/robotlogger.yaml	8455afb8824de2586966c9b0c11727fa2e723810a50ec1df25afa289f7c7787f
install/etc/robot_platform_join/config/robot_join.json	259cf046a8898e08fa7c894d68cf74e4f8c70de50e9cc93b38e9ab7164ebb26f
install/etc/robot_state_detection/HU_D04_01/state.yaml	d98943acef36bcb9b167fc76f04432b3f59c1a170cae98b53fa9ac1c56fb1de5
install/etc/robot_state_detection/HU_L01_01/state.yaml	57c931ed64318d5a69590add855bf73a86ac406aac7e808a3c6efa86b31b68b3
install/etc/robot_state_detection/HU_L02_01/state.yaml	57c931ed64318d5a69590add855bf73a86ac406aac7e808a3c6efa86b31b68b3
install/etc/sentry_decision/config/random_deci.yaml	a95ae7dcb99c3490e535d4ce3defbd6ee1d06409e20d841b5819ce47bb01d63b
install/etc/sentry_nav/config/trans_odom_2d.yaml	9f0709772be41a24d90e2a47857b8f711013e5acc8ce91e4c3bf75f3afaf5348
install/etc/sentry_nav/config/trans_tf_2d_odom.yaml	0f6ad72012de24ed10b9a8d6516e545b8bf22ac1754f7385d2480670b64b3abd
install/etc/sentry_nav/config/trans_tf_2d.yaml	3db69a5a239bd6f92203e6846044a96886307eea96ee54186498b5ce913bc0b6
install/etc/sentry_nav/new_param/base_global_planner_param.yaml	3047a3a641eed8ad5ff7d788294c26de0e058747ed2841333b22e054b4e8a50f
install/etc/sentry_nav/new_param/base_local_planner_params.yaml	a5f4d876f838f9107d024e2499491aed1604b8e389aeb0066deb5fc205c7642b
install/etc/sentry_nav/new_param/box_filter.yaml	0f1633f5675b42dbb39a0c354d6c50cfc0ea016da563c841280e7c0defaa62e5
install/etc/sentry_nav/new_param/costmap_common_params.yaml	e88fde2713aa0e7c041dad745f3659a0df8c4ee6432460598e442da3d0da9d43
install/etc/sentry_nav/new_param/global_costmap_params.yaml	9fc4864cb8ce46f05adc4802377b8dc0ad1743ba33c2c3c08183db1626649b8d
install/etc/sentry_nav/new_param/local_costmap_params.yaml	ca9100f57828ef2a3cd04fcd9ecd3edd8097ca2183c7acabd1644f34633dad11
install/etc/sentry_nav/new_param/move_base_params.yaml	37f490c86a61ec4d4bf33ab0e796e5b5b4ed0341e175a5a8c938ab7755a0a3a1
install/etc/sentry_nav/new_param/teb_global_planner_params.yaml	d6bed22a273a2b3ac2b3e396d94cce42c8c27dd524235d6fb31e1aa5f2d1871b
install/etc/sentry_nav/new_param/teb_local_planner_params.yaml	6bcf1efb3c80e490275c52d45f20619706dfb8dee066cb9b859a51a28ec4b43c
install/etc/sentry_nav/param/base_local_planner_params.yaml	df6f9aa53aebbb697c14bf42158bb2849944b537ab28ea64999445e3d849f8f6
install/etc/sentry_nav/param/costmap_common_params.yaml	ec3a2cebdb7bd7fabc3a649520321551c6b81b8c95783b1482c6857fae45eaf8
install/etc/sentry_nav/param/global_costmap_params.yaml	cd89e0939935552dd522a21eebe6c0a732589aa13abfffa59d4a053d690a17ff
install/etc/sentry_nav/param/global_planner_params.yaml	c3a832ddc7e2a4fe6699cb3fd340a3c6b5bbda2ae31fb02b619aa2ebdf079758
install/etc/sentry_nav/param/local_costmap_params.yaml	46959530a8ad86ebc83c3ca046eb912ca915ec707195e08fa2da856b5aed88bb
install/etc/sentry_nav/param/teb_global_planner_params.yaml	739dee5a80e684f499d4b7b36bb366bd53212907b6a45aad30a2fbed0adc8f34
install/etc/sentry_nav/param/teb_local_planner_params.yaml	dbae7ac24c404dadfa789875b53959ad72d49a3aab45039ccedc5343506613ea
install/etc/sentry_nav/sentry_movebase.launch	a7e01a2328a50a07e2146486289859b9e68178bfe50466e49f3bfb7698c49ff9
install/etc/sentry_nav/w1_param/2d/base_global_planner_param.yaml	3047a3a641eed8ad5ff7d788294c26de0e058747ed2841333b22e054b4e8a50f
install/etc/sentry_nav/w1_param/2d/base_local_planner_params.yaml	55e6f21389d20e4908e102c66b53f937697a4a1b7c2bb6f40e543c0096f5c625
install/etc/sentry_nav/w1_param/2d/box_filter.yaml	0f1633f5675b42dbb39a0c354d6c50cfc0ea016da563c841280e7c0defaa62e5
install/etc/sentry_nav/w1_param/2d/costmap_common_params.yaml	c4c1435989e91b3d74b04ad91459d6b42f9bc11e7bbb418510cac936c680f2eb
install/etc/sentry_nav/w1_param/2d/global_costmap_params.yaml	ffb7cd3c02d4d3466667e5751a3bc62478650fecb03e4bcdcb82e177541484da
install/etc/sentry_nav/w1_param/2d/local_costmap_params.yaml	1e8dd024bb7af83ad0037da793cd3aba9973e011b83ca9f16ca0a02060241d9a
install/etc/sentry_nav/w1_param/2d/move_base_params.yaml	bd5810a84a2107f142908613aee028418a5ae865e3c28730b6663ab58bc11653
install/etc/sentry_nav/w1_param/2d/teb_local_planner_params.yaml	019163b374aa27e65202d66ac29abf6f807ca0d549c669cd002b76cf630237ed
install/etc/sentry_nav/w1_param/base_global_planner_param.yaml	3047a3a641eed8ad5ff7d788294c26de0e058747ed2841333b22e054b4e8a50f
install/etc/sentry_nav/w1_param/base_local_planner_params.yaml	79e72619aa82f6a41880716ae1c263d380b5b5dcfe4f16cac1dd71dbaf0a0e7f
install/etc/sentry_nav/w1_param/box_filter.yaml	0f1633f5675b42dbb39a0c354d6c50cfc0ea016da563c841280e7c0defaa62e5
install/etc/sentry_nav/w1_param/costmap_common_params.yaml	fd7c7cf28d56e0cf3d397a86ac7a9a7a508f60de12b1519071720967d61335cf
install/etc/sentry_nav/w1_param/global_costmap_params.yaml	e93afe7dd7930d91306e13ef13ab71ccf6a08b6cd294e904cd262d500f0454f3
install/etc/sentry_nav/w1_param/local_costmap_params.yaml	40f77347a89194b781c245a216d16fc92143a05f1a0a058d9ce53d49ec1ea047
install/etc/sentry_nav/w1_param/move_base_params.yaml	37f490c86a61ec4d4bf33ab0e796e5b5b4ed0341e175a5a8c938ab7755a0a3a1
install/etc/sentry_nav/w1_param/teb_local_planner_params.yaml	8d303def0a41539a257df78316247c80ab91efeafc68d9e87aca6943201151c0
install/etc/signaling/DA_UB_D04.yaml	b571b357102dd2f94a760a26568f7cec1891163caeeb48bfe3f553134a915a6d
install/etc/signaling/HU_D04.yaml	0ede31c4d1997d3c9ec3fb1f51ef25930d3ab79301682076729d2618c44dc00d
install/etc/signaling/signaling_config.yaml	d289e3ee652869191498068cc3dcaeb6d420f3472f08473b83f5d21790df4ff9
install/etc/start/demo.yaml	c1b9ab731b26021cc59c69b4cf6e787581e0da6cfed676e8b06d966bb7a40200
install/etc/tele_operation/param.yaml	ce7c0bf9c40b06f4a1a91d4673233550ed31ccdfee7363d943290f879d37e010
install/etc/tele_operation/teleop.launch	88dea8f4ea9d925656f671af1966e0104b8c881f77421113b821724c23fd928d
install/etc/UB_D04_description/urdf/UB_D04_01_rl.urdf	bea89b2c5f6a6936298cb969b6d9a11eca8760084b7de515ec2c9efb07d4be08
install/etc/UB_D04_description/urdf/UB_D04_01.srdf	4f6e900b8e0642322adf12dd72c5e1fc8c6b2c552b5b35bb2638f80628cfaeeb
install/etc/UB_D04_description/urdf/UB_D04_01.urdf	8e85dc1c16912d11dc22829110413681e9d7758d9c6a291a713518fbf67c46c8
install/etc/UB_D04_description/xml/UB_D04_01_vis.xml	66786c093fbbb96f9ea6b1680670a2c2f00c0280dd2f73c4b21dbe0f0ad83f5a
install/etc/UB_D04_description/xml/UB_D04_01.xml	f8637158eb7d892ac5010bd314314cb51e99d067a5a737e6e7ac4b44b094eb28
install/etc/udcap_glove_teleop/device_config/brainco1/param.yaml	2ae4c3a145a47c70cdcdfa0d34302a054198add90e50166049e5f1058488f94a
install/etc/udcap_glove_teleop/device_config/brainco2/param.yaml	bd85009f16a04a8687f0bc24023008f58786fbcd071bd931db97abcf23c2d58c
install/etc/udcap_glove_teleop/device_config/udcap_glove/param.yaml	3ca1e68602d512517e14182b3e636aebfd92e4a030d43519f0a31962f6907ae2
install/etc/upgrade/config.yaml	5bc8f941224b58ce730ce6510cb78ce671d0249bc101746c127433c7bebfae35
install/etc/upper_body/arm/D03_01/arm_config.yaml	507c0428a3b5e73b4bd0b79a310a2fa1c3b1fa45ef14c8b1571c8c964b573b90
install/etc/upper_body/arm/D03_01/DA_left_arm.urdf	42a472acb9910c767bde76d144bffd56cb49c9be64ec6bf91ab270288a03e2ae
install/etc/upper_body/arm/D03_01/DA_right_arm.urdf	f90a2bd77cdfd2d9884ee9dd9fa64b32bb47bc96b00b06999ccee64c56ad94ce
install/etc/upper_body/arm/D03_01/HU_UB_left_arm.urdf	94d66252089a1556c728a22783fb8ee6020250b0710c50408baa145089919e92
install/etc/upper_body/arm/D03_01/HU_UB_right_arm.urdf	54febe6eb9f1a96b52d38c82f7b30ec12bf2550a040911010fecd0f6c3e87468
install/etc/upper_body/arm/D03_02/arm_config.yaml	d4dc78408155550c49066a47fe921df13a934c872c740f78a07538b49e459a65
install/etc/upper_body/arm/D03_02/DA_left_arm.urdf	3487688018757c1509d9e2b78116844a8c26218f40785735c028900182a98c35
install/etc/upper_body/arm/D03_02/DA_right_arm.urdf	db65a2d7a8be9a745304bc1198cacb354ddb7dcf8b4318f220d72b43421f83e2
install/etc/upper_body/arm/D03_02/HU_UB_left_arm.urdf	3d2ac7c5a15083c61ba0ce698d2c780897deaa1d32eb92b8d2d4cb792d55ffce
install/etc/upper_body/arm/D03_02/HU_UB_right_arm.urdf	3ce5dbd50882c0cb03793249a4980b8cc2bf936907463f73b73b0cfe8dc767de
install/etc/upper_body/arm/D03_03/arm_config.yaml	d4dc78408155550c49066a47fe921df13a934c872c740f78a07538b49e459a65
install/etc/upper_body/arm/D03_03/DA_left_arm.urdf	3443f577d11a2bbca0316646683bbcd9ac0f0e13dfb032a3b723e6290030dba0
install/etc/upper_body/arm/D03_03/DA_right_arm.urdf	c81d521e9d3007178e4dc1f45decff8def93f5d6a093b14b15e06e41f60e440b
install/etc/upper_body/arm/D03_03/HU_UB_left_arm.urdf	38b92aad40eacffaf3203dec01bf385f4b3f89e79dc26567d945020c1839ad2c
install/etc/upper_body/arm/D03_03/HU_UB_right_arm.urdf	6ddd32b545c436d79b5f63c1c61932817fd9bdf9a39bfd02a968c6d6451ac473
install/etc/upper_body/arm/D04_01/arm_config.yaml	76dafa5f11b806f155b2ffb38821b7768ed51826a53ac09e8a9e6f9b98bcac65
install/etc/upper_body/arm/D04_01/DA_left_arm.urdf	7c4114c323a1bc1043eae85eb720f1fb556e79f18e75d30bd93d1a23e5e3ce80
install/etc/upper_body/arm/D04_01/DA_right_arm.urdf	24b32d9a4e1d804dd68a98805a23c229cd4c024bdcb7f2737bd4a5e2e4d39a2d
install/etc/upper_body/arm/D04_01/HU_UB_left_arm.urdf	c3ddd02be8db3fd81a9fbce036894eb3883a2f56c5d099a0f2d45f4bbbf3478e
install/etc/upper_body/arm/D04_01/HU_UB_right_arm.urdf	b5704a5c386baa2c49965c7049fe38985a476a117c3f02829559040944646b61
install/etc/upper_body/head/D03_01/head_config.yaml	a64c57bbd6fd1ff0a8036291ffc4fd48a147af3fc0cd87312768f9eb76e9020d
install/etc/upper_body/head/D03_02/head_config.yaml	a64c57bbd6fd1ff0a8036291ffc4fd48a147af3fc0cd87312768f9eb76e9020d
install/etc/upper_body/head/D03_03/head_config.yaml	a64c57bbd6fd1ff0a8036291ffc4fd48a147af3fc0cd87312768f9eb76e9020d
install/etc/upper_body/head/D04_01/head_config.yaml	a64c57bbd6fd1ff0a8036291ffc4fd48a147af3fc0cd87312768f9eb76e9020d
install/etc/upper_body/teleop/DA_D03_03/config.yaml	04e0cb5abe87caf878f7b227a8609bf42096afebe9e2022626fd08c312183698
install/etc/upper_body/teleop/DA_D03_03/TeleopExitController/params.yaml	1586b10787f28f455becb524e16578499635ff0624dc11b1207935e21c017f96
install/etc/upper_body/teleop/DA_D03_03/TeleopHoldController/params.yaml	7c025488ca367617918c29956a364561f4804174f0684eee1220eddadff32020
install/etc/upper_body/teleop/DA_D03_03/TeleopInitController/params.yaml	2ff06445b0c300046abb65b6b4d8cb25b2b2f43823b468709539d460ab081e71
install/etc/upper_body/teleop/DA_D03_03/TeleopTrack2Controller/params.yaml	424fc54df1febc1e98b38404a8f9721d5f566f355d2b777de57229da61b32c7e
install/etc/upper_body/teleop/DA_D03_03/TeleopTrack3Controller/params.yaml	fc28f16af5f96e2c3a6d57736b8034dd039e29d9632e384a967bb06f0911c8cd
install/etc/upper_body/teleop/DA_D03_03/TeleopTrackController/params.yaml	76c08c528fd615796eb26626cb6cff5e8b20adec33e3476ca405b6432f1ead75
install/etc/upper_body/teleop/HU_D03_03/config.yaml	dfa5177f716f2bebcb0468a4efdbb97f910b358279bf067690c0e86b5bf346a9
install/etc/upper_body/teleop/HU_D03_03/TeleopExitController/params.yaml	f636c94cdcfe0c8077dc3e297fa0815dc97c1bec0c796acb5df1b922b2abf71a
install/etc/upper_body/teleop/HU_D03_03/TeleopHoldController/params.yaml	e1430a29d74e6e4740757957f7c4d52049f1d79b9672255e88e404f487ada230
install/etc/upper_body/teleop/HU_D03_03/TeleopInitController/params.yaml	22d1bc2923bb37b8cd217af524d54eb2c32b6bf85abb020763686ed9567056b8
install/etc/upper_body/teleop/HU_D03_03/TeleopTrack2Controller/params.yaml	8c5cad1a479ddcaf456719604007258b52976d3ac9849673c7f8d146a9698433
install/etc/upper_body/teleop/HU_D03_03/TeleopTrack3Controller/params.yaml	f1a7e069a47f89a1d02b7358e69a2cb629d09a039da162d3a8c01d1b248c502e
install/etc/upper_body/teleop/HU_D03_03/TeleopTrackController/params.yaml	1c70bb2e3bf48e0bd2cafcb6e01d36d2b2cfb1647b99f71e07f513d4255e9f05
install/etc/upper_body/teleop/HU_D04_01/config.yaml	671acecf63a3d9d684fb207e243a1a7791ac50c7e4a483d9f4fa33fd9351c89b
install/etc/upper_body/teleop/HU_D04_01/TeleopExitController/params.yaml	f636c94cdcfe0c8077dc3e297fa0815dc97c1bec0c796acb5df1b922b2abf71a
install/etc/upper_body/teleop/HU_D04_01/TeleopHoldController/params.yaml	e1430a29d74e6e4740757957f7c4d52049f1d79b9672255e88e404f487ada230
install/etc/upper_body/teleop/HU_D04_01/TeleopInitController/params.yaml	22d1bc2923bb37b8cd217af524d54eb2c32b6bf85abb020763686ed9567056b8
install/etc/upper_body/teleop/HU_D04_01/TeleopTrack2Controller/params.yaml	310b2ac2635caeded500f30802d9f87b8443c1a1a72bf9d0c82a1462b84dc67a
install/etc/upper_body/teleop/HU_D04_01/TeleopTrack3Controller/params.yaml	6ea44769bf74100bdb62e5302692c070ef32525756f0f5897910e07130433336
install/etc/upper_body/teleop/HU_D04_01/TeleopTrackController/params.yaml	bbb2461d1012d1e49847a1a2daf2b7c0a43395afd0e6a206d5b264afba57e8b8
install/etc/upper_body/waist/D03_01/waist_config.yaml	4d1fac693293ebc6139e4ee81b4dccd61ca79f9bcbd2aecf2daa17724f4dd448
install/etc/upper_body/waist/D03_02/waist_config.yaml	4d1fac693293ebc6139e4ee81b4dccd61ca79f9bcbd2aecf2daa17724f4dd448
install/etc/upper_body/waist/D03_03/waist_config.yaml	4d1fac693293ebc6139e4ee81b4dccd61ca79f9bcbd2aecf2daa17724f4dd448
install/etc/upper_body/waist/D04_01/waist_config.yaml	058632d9e694a44ca16b9253a70278c93b02538fad8164d25c5a250af3dbec5b
install/etc/velocity_smoother_ema/velocity_smoother_ema.yaml	ecad3a0d44bad2f79f95c8acfa0f6df5e403b2bd307111940aeaadb0fe67b19f
install/etc/waypoint_cycle_sender/config/waypoints.yaml	45d4027533f95a805895dbbfdd9bf96357c8300384af8c543bf4f7e9d2503067
install/lib/python3.10/site-packages/webrtc/data_publisher.py	fdddc7cf78374e67bd75ed14dd250fb22fead6039c22afbd1d5c1b268a1e5829
install/lib/python3.10/site-packages/webrtc/data_subscriber.py	56292395fa5486bd114be68342070ea2b4eddf3cbb3f6e1d298e79b323020473
install/lib/python3.10/site-packages/webrtc/dual_camera_publisher.py	b86951cc002423735c8043ff8c242a52ca83adae528ed57ea16543f108192b67
install/lib/python3.10/site-packages/webrtc/__init__.py	7778c4c34427da992b43fb2e7f086a30e072d2e1a2c87d264fd55a0cb0d8c265
install/lib/python3.10/site-packages/webrtc/mros_webrtc_sdk.py	fc18289547eecb7dc6ad9103619af052d264ad1851e9c774af59683c56e6cb84
install/lib/python3.10/site-packages/webrtc/signal_client.py	d32861925ff87c848844731e9b8e1d7344caa516db9b6780958712eb2633a07b
install/lib/python3.10/site-packages/webrtc/video_publisher.py	efd894cc8d662569a28818b8ba0de10acf6e84298e8fe35d094ce97f48c71900
install/lib/python3.10/site-packages/webrtc/video_subscriber.py	65e26364fa9a675dc71178894356f0510c8ec99276de9bb49af811bc93a7e7b1
install/lib/python3.10/site-packages/webrtc/webrtc_client.py	9e043b49bd2b4a85e27276d215fa2579fda5e6803758139315d4807e7143d0f3
install/lib/robot_planner/config/cartesian_planner_test.yaml	2e2b9b51a1ff07be03cecd09ff9b7724d750a759ac847de4f07a002d7eeb6670
install/lib/robot_planner/config/joint_planner_test.yaml	f636a5eaadf341ec92f166bdff7278dd61045fa5151aabba4978dd70844b8123
install/lib/robot_planner/plot_cartesian_planner.py	073e7142efa95c7b64cd0038cfa054343f7aa51102100b9f27b26539482a575a
install/lib/robot_planner/plot_joint_planner.py	b58ba2681de3a235f64d94690ef8219a58a9d57579a5fcd2001526049d32f409
install/lib/robot_trajectory/config/test_config.yaml	9ccd55380514df3ac537872f68f600127f20197b87e9024450437a4c4b6a981c
install/lib/robot_trajectory/plot_trajectory.py	e0e6070b788f1d72b71fa26cfc26fb18d98a7d48d3f46ee183fc52144e104f0f
install/_local_setup_util_ps1.py	39720fe68987dbed5738074bd6b7fc1859aee64e4791760b2894793fd9821450
install/_local_setup_util_sh.py	1d288ded3830dfd38e01684c2b3bd0fcefa5ccbe583ab37499333aff73e69356
install/mbl/bin/glove_retarget/glove_retarget.py	1e45efedc40db687effd85b3e2903c10c79d8cc8181c9d0c375bc4a5d1b7b7bc
install/mbl/bin/glove_retarget/__init__.py	a28f4af6103c53ce702158a4dfcea362b7e0b4cbb4dcb51b86e1eb33196e9885
install/mbl/bin/glove_retarget/sdk.py	7be2daefc1aa6bca21f0aa3f4ddf9a610725bf6335f47dad155ca9f507044729
install/mbl/bin/glove_teleop.py	c91ff2b7089ff2baed9c4fe217a3e9d7f6cd30891cdd87eb1f461e70fc5833f1
install/mbl/bin/mocopi_teleop.py	be3be07f2819cf61360c6fea6a69187a4a50442140ef3b8a7e2b906c7cf86360
install/mbl/bin/noitom_teleop_node.py	360bd6e986d1a001ebe5cccece5dcac5274137d741b17659f28e66a42e2fca2c
install/mbl/etc/fall_detection/param.yaml	03692af26f4c4dee241b8c26a9c12d3b80651bd059116bbb83b4189925b6eb12
install/mbl/etc/mocopi_teleop/config/param.yaml	ed3728277c04769617942d65c6d70b8f7811bac2fbcf463c8764d56bb0562e80
install/mbl/etc/noitom_mocap_node/param.yaml	9ae24847786930cfa75aeada62634adf2966790de0b5764c65722582633d7984
install/mbl/etc/noitom_mocap_node/retarget.json	95bddfa8a19e73e5b36e75cc086826f973a4917dd7c8f5665e23e998c07106a3
install/mbl/etc/robot_state_detection/HU_D04_01/state.yaml	d98943acef36bcb9b167fc76f04432b3f59c1a170cae98b53fa9ac1c56fb1de5
install/mbl/etc/robot_state_detection/HU_L01_01/state.yaml	57c931ed64318d5a69590add855bf73a86ac406aac7e808a3c6efa86b31b68b3
install/mbl/etc/robot_state_detection/HU_L02_01/state.yaml	57c931ed64318d5a69590add855bf73a86ac406aac7e808a3c6efa86b31b68b3
install/mbl/etc/tele_operation/param.yaml	ce7c0bf9c40b06f4a1a91d4673233550ed31ccdfee7363d943290f879d37e010
install/mbl/etc/tele_operation/teleop.launch	88dea8f4ea9d925656f671af1966e0104b8c881f77421113b821724c23fd928d
install/mbl/etc/udcap_glove_teleop/device_config/brainco1/param.yaml	2ae4c3a145a47c70cdcdfa0d34302a054198add90e50166049e5f1058488f94a
install/mbl/etc/udcap_glove_teleop/device_config/brainco2/param.yaml	bd85009f16a04a8687f0bc24023008f58786fbcd071bd931db97abcf23c2d58c
install/mbl/etc/udcap_glove_teleop/device_config/udcap_glove/param.yaml	3ca1e68602d512517e14182b3e636aebfd92e4a030d43519f0a31962f6907ae2
install/mbl/include/fall_detection/fall_detection_strategy.hpp	806524e527be1b11e7d9c0dfe516f828e5083e2839beb12d8a3020f10111e410
install/mbl/include/fall_detection/fall_detector.hpp	87e2e9e71fc7b78d55f4149205f9ae736e59ae393457b1eec0d5c6a8a2c64b6a
install/mbl/include/joint_analyzer/JointLogger.h	017fd38858caa0f6a68e9367ea09fc7fd64ff1e011c74f431898ea4db2748add
install/mbl/include/MocapApi.h	8142dea1490ab6c54298665a74810edecbdd8ae35f97e35fb9644ddf32a6bfeb
install/mbl/include/robot_data/cppTypes.h	279fee1940ce736eff1fa5a4f18a4f0f9619bad90e946715a8ad7b705dc2a2ea
install/mbl/include/robot_data/cTypes.h	a951b3808824d063e76a85709729e5df1b86611e16900e7c5f49885143588cf9
install/mbl/include/robot_data/RobotData.h	ff09ec773c9b739ef892d7177e36695d53b59091fe9808114bbf582c0f8f104e
install/mbl/include/robot_data/types.h	8a4c52d3b578d85555925c752064d080bb2cebf152ab065810169968a9c3e1ec
install/mbl/include/robot_kinematics/OptiKinematics.h	4070c25d2671980e1e3491f5ea025b78e321e8e854cadc82bf5158b32bac77db
install/mbl/include/robot_kinematics/pink/Configuration.hpp	7f1fd4983ab668059941cc4aaf596faf337cf1bfa612c0a78bef57b2a222d65e
install/mbl/include/robot_kinematics/pink/Exceptions.hpp	d18b030dcf6cba835b0ed2cb0fc5c140041e4d01b34a5d7a9ed0352fd0c0662f
install/mbl/include/robot_kinematics/PinkKinematics.h	f4855985631b9eea97f8883fc9b01ff73e72e9efa8fb3b9f86ae45ae3f382299
install/mbl/include/robot_kinematics/pink/limits/AccelerationLimit.hpp	5df0c49ea1d7b1de1f60afdfb0969ede199784e603614a2b567197ed86ac5c6a
install/mbl/include/robot_kinematics/pink/limits/ConfigurationLimit.hpp	f3fefd90e5f6d6a5c0b55d1a3c5cf8b3791bf57a3d2386a374e556fd62112607
install/mbl/include/robot_kinematics/pink/limits/Limit.hpp	230a17437aa4e46f00186562d199e4485ccb4f5d42b13321d43dc6dee99efada
install/mbl/include/robot_kinematics/pink/limits/VelocityLimit.hpp	e33137f56b9ad485e30a8d2a1a2187c77d3faa7b999aa19fffc244f661cae996
install/mbl/include/robot_kinematics/pink/SolveIK.hpp	6b768d2050374ffb80ba6ddd2e5a8d6dd32a8485a5e039cdcb5bb41d47ee229b
install/mbl/include/robot_kinematics/pink/tasks/DampingTask.hpp	9f8f4327cf50a3f9676110ec401ef640768d503cbb5f78d85bfd3595b99eed8e
install/mbl/include/robot_kinematics/pink/tasks/FrameTask.hpp	cbe9642200b2182a2406c629a1ceed00cf051ee956ce4b278c8ac5cdd90d6d8d
install/mbl/include/robot_kinematics/pink/tasks/JointVelocityTask.hpp	641828b98d6ad04eace7c332916405103e8d69df0a06ac68d25a2a579d2b049c
install/mbl/include/robot_kinematics/pink/tasks/LowAccelerationTask.hpp	da5a1af961c2b63e3ca3af95c1a24b39d3fe6120a9b4dbbe462b32e83646c1d6
install/mbl/include/robot_kinematics/pink/tasks/PostureTask.hpp	b2e54ea00f80574b5b070189d56ac42ffd827dc0cc5fe50c97719354fdd041bb
install/mbl/include/robot_kinematics/pink/tasks/Task.hpp	ef1056d2c6b37ae1093a8f0509b4ea39fc1e9c6bd9bec7ea6a364fb94ec9276d
install/mbl/include/robot_kinematics/pink/Utils.hpp	6180a0cd8c1a21c8620c829c1e4bbbfc59c199aa86c9ce75270e04a911b7e829
install/mbl/include/robot_kinematics/RobotKinematicsInterface.h	98dd9a666093b90ba89f3bb5592871c519acb5aa95140d556536a70a4b44ade6
install/mbl/include/robot_model/RobotModelInterface.h	7f7503b5072dbc619c1d89bacaf8ee1a38b3f19d8ca17e353f6cfcf0da5d57a9
install/mbl/include/robot_planner/CartesianPlanner.h	dce52564bd676a4fd8ef669186292351897f5626c730c7ccec532e3f43877d5b
install/mbl/include/robot_planner/CartesianPlannerInterface.h	1c01568494049fcfcd29f9cd791467081db5952976b9269557d23bba91df85d8
install/mbl/include/robot_planner/JointPlanner.h	54c7481b0ed5a0ffe7b2e6ac871c6a879a85cb7356961d86af560a2711d43930
install/mbl/include/robot_planner/JointPlannerInterface.h	79f249791b2b44aa8fb81863f551145deba7804ce26023d9311d1a8d12eb9e7f
install/mbl/include/robot_state_detection/detection_strategy.hpp	0ed078902db54de9c2afbe6a8983a1ec483e23250fcbbf0dfc65055824312ab4
install/mbl/include/robot_state_detection/state_detector.hpp	e667c3c9689ebac828e0236b56eecc16add0f39e80b32f630292bd7eec53b65c
install/mbl/include/robot_trajectory/BSpline.h	fb91bc2aa2328c2590be4829da76cafc7900f703637d9dbf31afcfe747acca66
install/mbl/include/robot_trajectory/CubicSpline.h	92462c8080fbbeb95ae35f1b4cf063e3237a9e626260f0772c99567565b7cb01
install/mbl/include/robot_trajectory/LinearInterpolation.h	fa09417a3050686567cfbc91a860e8004416686446018867ee4c16887bf99f6a
install/mbl/include/robot_trajectory/MinJerkTrajectory.h	e15945bcc6319450e116b41961e4dc3069788aa85d7af33d540b8db4cead0c01
install/mbl/include/robot_trajectory/ParametricCurve.h	cc6da1f1b38749537ace583080a4d5eb3b09f4d5a9ac5410486de1704588a503
install/mbl/include/robot_trajectory/PiecewiseLinear.h	8055e4ce0aed9c596f3e35205530515ce332f68a3d6249ba187a414861913f82
install/mbl/include/robot_trajectory/PiecewiseQuintic.h	58adb528ce06d86c1ca9ff7c750d6a21bc3b19d4f2ec96200b85d6dca5a71f5e
install/mbl/include/robot_trajectory/QuaternionSlerp.h	cc8ce9292a52cac7ee5cfd694625a880e9540be850c5458276dcaa881547ae19
install/mbl/include/robot_trajectory/QuinticPolynomial.h	40c5e8be58e0afe53a2632e0720cde8e09a4a7db5047ad0d6b21dd27da467a6b
install/mbl/include/robot_utility/OrientationTools.h	664304bc73e5f93f66ba9b8ff409b091ab7ab0d82d57e0afde3640b67270dfe0
install/mbl/include/ruckig/block.hpp	be36a9854fa0830c283df3aaef5f80c38f59ca29270981a1e1cc8b3c81a40d48
install/mbl/include/ruckig/brake.hpp	f4d30e1f19b239564e9f1d54eb5de7e6b761c797f42a49cbccb43677d0e89b59
install/mbl/include/ruckig/calculator_cloud.hpp	a5a48e945f92956f7cf181bfc3dde66ae5e19149b4cc64b655e0a5a15b646069
install/mbl/include/ruckig/calculator.hpp	24fb044a409dfbed598a4b83a315ed6ce339efc184694bccac27ef2ae3bd9036
install/mbl/include/ruckig/calculator_target.hpp	35b49c0e0dc606646f419e285c6633171df394851dc95c6b4bb99e9f7009aa74
install/mbl/include/ruckig/error.hpp	0c0d0d3b3c29df72207d0358934f604bf4a3b39125fc69bf3c7d00be9e34c071
install/mbl/include/ruckig/input_parameter.hpp	37a4dc34e2093e775e3fd5ae6c34971661fd852ed165ee9e7ddc3dcb0b1cc96d
install/mbl/include/ruckig/output_parameter.hpp	5eaa0374b25e917b9578be8e2d1821f200aba4fec418430f08edab4bf52e2f81
install/mbl/include/ruckig/position.hpp	7d6d15007bd3e38a84c4390087ea0c928d4801c22ff1afbf095b0afa3d8588cf
install/mbl/include/ruckig/profile.hpp	1b7441140a33c8b301fea051e04d559f0b7441c06dd65c77af0626f74ccda571
install/mbl/include/ruckig/result.hpp	67d24ce70ec7b17568099759eae1591fa9983ba9f453bd172de375223eb477bc
install/mbl/include/ruckig/roots.hpp	7fea5fa50b14a2dca3e7814f55c1c561b38812ef48f7900595739e666f2578aa
install/mbl/include/ruckig/ruckig.hpp	ea063b1939b20773037a985b88f4891cec637511404eb469f488633d7597dee6
install/mbl/include/ruckig/trajectory.hpp	a9ad8b37c041645d943b8fad1f1b0cba4db9789735375472f575acd4602760dd
install/mbl/include/ruckig/utils.hpp	f17266d17a0dc7f725402a9732c763af8fe84d32d53f7e8d748eff79f3cddee9
install/mbl/include/ruckig/velocity.hpp	3bd62b430b304b5a140346b03bdf097024411287cd0cb27db53bd0e35e0e7dff
install/mbl/include/tele_operation/tele_operation.h	5bfc04b00ba3b114d403f2a5208a06a8a887ace2f94289993223a21ec5e8639c
install/mbl/include/teleop_extrapolator/Extrapolator.h	cc2a77f3cd8c73d229445e37b06edb30e2e71624b4d1e548c2bfa8b94a9a7410
install/mbl/include/teleop_extrapolator/RingBuffer.h	7df39065987991ddbacf3e4c52b8e12ae19470d1d0874195c67dd6b9a4b35945
install/mbl/include/teleop_extrapolator/Types.h	3a7b733edf130e48b66de4388aef80b78c151a71d700045556fb5701e58e7204
install/mbl/include/teleop_kinematics/opti_ik.h	78793abab66f726c1bca448b875e9e817c8e09530c3a02106b49ce449a9a7672
install/mbl/include/teleop_planner2/BasePlanner.h	5b9a7bf46586ec96e88facd0d2aa2a103cc55c531e0cb4389a7fdd50f8a57600
install/mbl/include/teleop_planner2/ruckig_planner.h	8e490735218c5245ed754b1cb9a9b88703ffc9f38fbf2bc6fdb98c5224159988
install/mbl/include/teleop_planner/AnchorStore.h	7479717049168f1bc94b7acc17e9b6567d80bb424f5bf2996e298c6d5a906b21
install/mbl/include/teleop_planner/HermiteInterpolator.h	a32ca336c25a2b677dee0250e4dbc53619cc1e546172a9ea7d8cb365c55e72e7
install/mbl/include/teleop_planner/InterpolatorBase.h	9b65a8406018188628f4f857cdabdd5e4d4590d9b3e43a1855b02d8d81ab590c
install/mbl/include/teleop_planner/InterpolatorManager.h	027fe8c27ec311f2f35794582f5758894d715885ee2550f5b436608cd2ea1272
install/mbl/include/teleop_planner/JointInterpolatorBase.h	b4959d28a74c9d84cbb7675ee540fbdaf3f34faf2e5bb3133b0857801352ac73
install/mbl/include/teleop_planner/JointLinearInterpolator.h	61008bd9954154a6b67a52470d3badc6a4b13c0b5cbf58fbeaf360e3d614acf0
install/mbl/include/teleop_planner/JointQuinticInterpolator.h	f7b2849dc6b7154da15bd2e2b023622df7dbfed44453ba4e352938817c78b1bb
install/mbl/include/teleop_planner/LinearInterpolator.h	75e5da164fe1b836d6660ebbbc4d15b5d2bb1919f9e1efc57f31174700d5f023
install/mbl/include/teleop_planner/PlannerCore.h	376e565fcd0790676497389ba5367d91b1c358a4ed17f4483b244c382632f819
install/mbl/include/teleop_planner/PoseUtils.h	fa3d808aa67ea06813692d14c12fc81e9742de42466e5b2346e5ac30127141b1
install/mbl/include/teleop_planner/QuinticInterpolator.h	b59479b918640a141dd0d21aaaf4ef8f4237db8cca78c6fa6e75a1e6139dee57
install/mbl/include/teleop_planner/RateLimiter.h	eff52cd6f7d204a5044d24eb1cdf50e23a5902958653b86a33d6b58f8404560c
install/mbl/include/teleop_planner/SCurveInterpolator.h	ed2623f6e1f2c4cbe68f6000547553e9c37c1aa5375eec667abc1d4ecde023bc
install/mbl/include/teleop_planner/Zeroing.h	198597fd843cc5b617276ad8c3fd25fcc452d93591eeb2af91a42ee00a732cce
install/mbl/python/auto_run.py	7c4cf33b82c7afecf10b0f4d281f06344ee8fb91d8c6dce3e193c61a97ce6717
install/mbl/python/post_analyze/analyze_friction.py	315a7fba11e71094adffa67ba509201855d2a3137ba5f3e37707675f2aa67832
install/mbl/python/post_analyze/analyze_joint_log.py	69d7006550880d8f9c65d999cabf1bbfa870d8f3c4a22a84d87f089bea5d891f
install/mbl/python/post_analyze/analyze_sweep_pos.py	7a177f93c194423c8c0cdea0a0de57950d89fefc38d49d787f6efe7966da7d23
install/mbl/python/post_analyze/analyze_sweep_tau.py	88449a07ca398b6f0c1feb94d9b4a859aee6e54eb8bfa8c4d6ce938217f20342
install/mbl/python/post_analyze/analyze_track_error.py	26a22c38d5f38370d037b544fad7193646e37472f9b1100b91704de4fcaa9b17
install/mbl/python/post_analyze/calculate_friction.py	82dcdc842161e74e2bed42590ed3e0d35fbf16a7d6d79b0ecfc76a95ff7dfeb6
install/mbl/python/result_processors/__init__.py	7fea314a689e8cffa46a3adbf9b961e6419fa0160f7d8c7662903b7c22f4995d
install/mbl/python/result_processors/mbcautosquarevel.py	dbcbe7ea63d18277f32cc1b7299c417de6b05df1acc2ade9a19ca3c16ab61800
install/mbl/python/result_processors/mbcautosteptau.py	afc0b61cb6d8d4d70403cc34dd25ce2fb0dc921410d4494e340bdb60bdeaec2f
install/mbl/python/result_processors/mbcautosweepsine.py	09b699f1117a692e56c439f61612e5108ced16e2b6c877145001babe0a4812f4
install/python/auto_run.py	7c4cf33b82c7afecf10b0f4d281f06344ee8fb91d8c6dce3e193c61a97ce6717
install/python/post_analyze/analyze_friction.py	315a7fba11e71094adffa67ba509201855d2a3137ba5f3e37707675f2aa67832
install/python/post_analyze/analyze_joint_log.py	69d7006550880d8f9c65d999cabf1bbfa870d8f3c4a22a84d87f089bea5d891f
install/python/post_analyze/analyze_sweep_pos.py	7a177f93c194423c8c0cdea0a0de57950d89fefc38d49d787f6efe7966da7d23
install/python/post_analyze/analyze_sweep_tau.py	88449a07ca398b6f0c1feb94d9b4a859aee6e54eb8bfa8c4d6ce938217f20342
install/python/post_analyze/analyze_track_error.py	26a22c38d5f38370d037b544fad7193646e37472f9b1100b91704de4fcaa9b17
install/python/post_analyze/calculate_friction.py	82dcdc842161e74e2bed42590ed3e0d35fbf16a7d6d79b0ecfc76a95ff7dfeb6
install/python/result_processors/__init__.py	7fea314a689e8cffa46a3adbf9b961e6419fa0160f7d8c7662903b7c22f4995d
install/python/result_processors/mbcautosquarevel.py	dbcbe7ea63d18277f32cc1b7299c417de6b05df1acc2ade9a19ca3c16ab61800
install/python/result_processors/mbcautosteptau.py	afc0b61cb6d8d4d70403cc34dd25ce2fb0dc921410d4494e340bdb60bdeaec2f
install/python/result_processors/mbcautosweepsine.py	09b699f1117a692e56c439f61612e5108ced16e2b6c877145001babe0a4812f4
install/share/abilityloader/package.xml	dc12736f71f2b44b38fd611752320443c6c0d820a2213f5a0d446a582bb7a965
install/share/audio_device/package.xml	f49621521cbc09c817148adf7eda1b2b48bcfb1ae74288f05ea3c790604b34db
install/share/autolaunch/package.xml	37ce8eb049105170bbf2ad9dcfae01650b497fabdfaba41926e9b0a1fe83a168
install/share/behaviortree_cpp/package.xml	9e9e25a66ca9dc38c4ff3e137a13f39b052691c3fde8ba72274eeacae3ecb0e8
install/share/camera_publisher/package.xml	27c3e8bad0d8d00fbf15d0cec472c9c3edeb9c2f0ae4cdfb2a8904b9b68d039f
install/share/clear_costmap_recovery/package.xml	acfa015e97eec05eff1b8901802919e90f2aeef2f5c43d96b39310a5bb5c2623
install/share/controllerloader/package.xml	0d6552128706d5951e7e48b6a4f2bb13785fee3a8ed4da98b714955f5cc00f80
install/share/cosa_deploy/package.xml	7b56ef06af87610bfa92468097f6cb54e172eb08e7194ab09f3176896cd23aca
install/share/DA_D04_description/package.xml	13e428be78fa88cbe24b59d4a32376bec862d91162b36492f0cbf07da6358107
install/share/data_collector/package.xml	30f08213fed2c7c8ad1fd1d9872af0f7b4534ad24fc763d8fe68659420489631
install/share/ecmagent/package.xml	baf6477b3a33d4234d7cf4e6a6d036f188d6f80997403279f9e8dce01d956985
install/share/ecmaster/package.xml	64f35cef7d9722f5dcf6c8c45bbfec690d823f5a6186c6790f29059de2a9e04a
install/share/end_effector_tracking_test/package.xml	fbd9d9d227d62d59a83c46038deef6ec26f1642334ff09babf736fdc767dab47
install/share/fall_detection/package.xml	91a7916182a915daef0ddaa8c331194e559f208a6b4538cda29f961a27d6a55d
install/share/fast_lio_localization_sc_qn/package.xml	e23eb9d82d35a32464ba3a1712b1647909177a6974a2f40b3af48a42c64441d1
install/share/fast_lio/package.xml	151d191d3f2e80a5b196bd6519c073f0a68971ad4109429fb88469ef18674060
install/share/fast_lio_sam_sc_qn/package.xml	b669d3ec135f4e8c81754e2b700021c91a1342db6d2cd11e642aa03a38dc159e
install/share/filters_test/package.xml	a9cf9df557da2d0eefd21e70fdc8503430f6cd34bed118e8d5424f844eb90228
install/share/global_planner/package.xml	217884a194d515dca7d2a1df45fe9493a9b781693d2df01d212fcada1544fa47
install/share/hi13_imu_driver/package.xml	4958e083d238f112349fbdf55669b9fd8882ed3c02f6cd52bc9a2dfe4f31cf55
install/share/HU_D04_description/package.xml	a64d14b6adf4d298ec46d7037e35940c530d714b41d798d15d08342d6bb8ed88
install/share/HU_L01_description/package.xml	6d58afec747a19dd0bc8c330796f21de53a887de2d89a1d4c012d2dc4115da06
install/share/HU_L02_description/package.xml	a6e42dc4312b99eed09c56b3d2c91f88bc7710f081e8febd76e3869bd4ee3f4f
install/share/humanoid_robotlogger/package.xml	66abb8dc9dfb946d65021efdfa6212d302016d2a112f2f3d1555790194595313
install/share/HU_N01_description/package.xml	b4a7593348d682ded0db28f1380c4e643a4388fb8bc520f10c12baeb60e21aab
install/share/joint_analyzer/package.xml	a44c84ba001914283bc7735159155b0d2dc8ea911b80278a936cafde2e500872
install/share/joint_calibration/package.xml	83b5c5c6baa9ab244aca2a14a951aae852c6c828d094685fa8e5642924140f5b
install/share/kindr_mros/package.xml	553d7dc620c42c18ed865942562f115de1573f501337a9fdfabad5ab843a9dca
install/share/kinematic_projection/package.xml	7dd833a4313e99d2cfbe6437f86cf1e1960bbbe24cfba61b5c3a329485c53c4c
install/share/librknn_api/package.xml	231c7ab86cc45659902a0bbd812731c8b41a71f9bac92cdd7571d4254b4aa4cd
install/share/lidarslam_launch/package.xml	a082af7bb4eeff3fde2104cd7f8cd890368ab63014dbd89d3673fb6bfec3af5f
install/share/livekit_rust_stream/package.xml	ef10271b939e20d05dba07b4e97c56da1a8ea4bbd9e5a6c4cf5ef7e181a7b23b
install/share/livox_ros_driver2/package.xml	cb3324581855de27a8d57a5b0b07f64f0648ddfebe014a6733a74a95183ba3f8
install/share/livox_sdk2/package.xml	33f1eb78341d553a5e715645eb491a045478eb5a258eaa57520ee364544274f7
install/share/map_server/package.xml	b67d3152e7ccca95b1eafd6b6d9d9c51888d637318036ad599b759d0c7495757
install/share/mcuagent/package.xml	24583bb9c38c55e254fdd1c2e663aa8d4f667bb9e3d98cae6b48d918079fe0c8
install/share/mcu_release/package.xml	bf6c11fadbdd8cbcbdd8786f26bae98780b2770c578ffd18c2a1f8bbc86dec3c
install/share/mocopi_teleop/package.xml	06a8bf580a2086770f27bd840e7e0081d5e28e1d4ba076cec4eea32ffe4a3160
install/share/move_base/package.xml	927a576cfd36d17f495fcbe122c76bd27379c49003602cda651ec09ad1cb87b1
install/share/mrosability/package.xml	7e67f12e3ae8727f907e06a0e48287493c86639656f030aca56e77490232e3c9
install/share/mrosactionclient/package.xml	0bd063921de4abd6c1c27ebb564a34cee2af6c6fd9e035defb84baeb248f87f7
install/share/mrosagent/package.xml	c5003079a13ea39dc6f60861d89283ba8a0a60bbf56dc3606ba716813cb9df01
install/share/mrosasio/package.xml	1eacc88fcb2d1216bfda5f6a931b5711f01dca52ca8dd66d5702b308d0bbc0ac
install/share/mrosbag/package.xml	1d0d72c00ced454f35f38138ac549134066a42b622a3c20d6243692721774aaa
install/share/mrosboost/package.xml	86183e344f763f1c0965fb888dc3438b772d7fcfce4446005cfe70734a04f82a
install/share/mrosbzip2/package.xml	3331ee845010ee89e93d3ff3f5beb43e28475c9b185efd5a9cf44a0090ef3e76
install/share/mroscdr/package.xml	56e64db9230ba176f8f8ba0089d68a076343869d40fa5dc32f2ee24158473568
install/share/mrosclock/package.xml	90174a17380a66e5cee7813dc0117d710cf864154697ea49e6c8ca9d1bdb8bf1
install/share/mroscmake/package.xml	8c43978996c757dd4d1b2ea968c4cdfd644be9c47c577ae2afa2cd3817ee31d1
install/share/mrosconsole/package.xml	542c36120363c82c948c10460a1b7ff837ffb424b726a5a1485dbc7424c1b0e9
install/share/mroscontrol/package.xml	aaa5af75f9c50acf7e8f2783ed43b58779b47589d7cc0ded53f8af1cf962643a
install/share/mroscostmap2d/package.xml	7f508e513694666e8a378e33698667a6ab852dc021b8204f5c033afd290ffe78
install/share/mros_cv_bridge/package.xml	1ddd77876a8a80322778c2485edb1535a4691423e5044e209019cf3849859412
install/share/mrosdds/package.xml	776332d2ef13dc35ca1409d64bc7f4c37cea4299a08d8f84cd7d69c05bf4fc8e
install/share/mrosdiscovery/package.xml	9537c2835e81cf2309f93f9f47c9cc78b02150f564392e6c5e54a512609eff4a
install/share/mros_eigen_conversions/package.xml	ca32dace0fddbb3bf60c6f759810b5c112d85b2a51166785c9e54ceb58f3fec9
install/share/mrosgo/package.xml	a3de1f82d7ba080059ec795b95a5a2be55f00412c80e2b9f26cd853652707c07
install/share/mrosgraph/package.xml	0f3e2dd19256a5ea0c70790808cbd08c325b406115bc9b335ec985993746d107
install/share/mrosgridmap/package.xml	7b0cfd33cbb8a16952d285f3eb61d108ebdc7a12a2ba43199776fdd6860e5c0d
install/share/mrosgtsam/package.xml	7d9c40399abe482164dccd056638de8963ab3f24fbe07d6989d2e7474ca8399e
install/share/mrosjava/package.xml	06d5d00b6bcec7e10969c2ada5fc8ebb18cf65edd73ce72479605c64d5717831
install/share/mrosjointstate/package.xml	d5c4a7da7fc5553840cdbab5671bde5b57466a16eef231467bf5f1866c1b3848
install/share/mrosjoy/package.xml	a412a48c461cbdea6ef6c0982a8ecda4293229e4629842a6e4ba56d30b88d5e5
install/share/mrosjoyteleop/package.xml	5cae966b608e3c986051fbeaa445e890ce55c8668b71e656f30c0b96ecb85a10
install/share/mrosjs/package.xml	9d25da92b82e6e846de49b54d8ccd1463b12b96f1100de44ae7a484b0ea836aa
install/share/mros_kdl_conversions/package.xml	e371a3f2335def713a852ad9233d2e32693ee933fdaecba17d3fb17584cb28f9
install/share/mroslaser_geometry/package.xml	58239b56d08cfdd22024c8efe5d8033b14149b9b8a2bd0805e343c597294dd3e
install/share/mroslaunch/package.xml	6e9181595f7813e8afe57a198d7f0ae2e4d60499b690e4b6afa57071b172ce05
install/share/mroslib/package.xml	7e97e2db430a9703a07ce40ea5de60e0c7bd2fea1a7e8f33add800f28fb6c586
install/share/mroslz4/package.xml	0d6e99f974b52f865ce6e00d3509e02339b1d4d257c2a000318e2fe1cf715719
install/share/mrosmaploader/package.xml	09a7d93aa32889116128cdb843807786d483345b94456e899a33277d699790fc
install/share/mrosmapsaver/package.xml	4ba54b9adf2c9a07b3e2eefc5a309a3c436f0717981d250781dd6ae6202085dc
install/share/mrosmcap/package.xml	908f8465074f0ab272ad59ae4e733d0a429085a7b0ccbf50f5d3893ca888d112
install/share/mrosmemory/package.xml	e9033dbc9b6d5a9d360be84feef8fb2bb017c0bcefde9f49d17cf5a63b21b1b4
install/share/mrosnode/package.xml	2cbbc4a4262ecaeb22adb76624dedf8182943e7d3f1cddc9d73582234ad6c810
install/share/mros_pcl_conversions/package.xml	afd48f215d0c27a877255052078bc633d919fc37ec37f6b22b8644dfd3409af9
install/share/mrosplugins/package.xml	11225aded89b2b6ae8bfb38cea56ad96818226ad8ec2172a458f5ff233aa46d7
install/share/mrospy/package.xml	389598c4b02371a9fd4540a82e3d5190f3b4e5ea6ebd0ecb9e5005a3a671be5a
install/share/mrosrobot_state_publisher/package.xml	29921c2db86242cbe91434957a40be768d3ae7e6dcdc5ae98059348dd498b182
install/share/mrosrs/package.xml	7890fd2be2a77865bf37be0c6972eaeb6f92c3d90fd2c9aa6f9166dfd03f4c1c
install/share/mrosrtthread/package.xml	37b9feb60c73e2cfd98126ff2053b3f24ac260d3c9aa481c76ea4b4a10407068
install/share/mrosservice/package.xml	51946da4ef8187f3300b96e26600ad176f2c43cb9be6bcc7403ff3483a3b4e17
install/share/mrosspdlog/package.xml	2fd68f951fef7a1618e0938aed9ee776d6ace36e700b5105eab9765e57985507
install/share/mrostbb/package.xml	aada02e0296eb3f38c5ead195daa7908bc89d41fa916c9552d2110dc1ed7a467
install/share/mros_tf_conversions/package.xml	7f3016111fba241fe2dc5fe6141d1d8d449a69e28d94fa0965c591fb123231df
install/share/mrostinyxml2/package.xml	aa2dc712c41867fbdce56bab2a046bc1270775206a9442032baf0eed867c71fa
install/share/mrostopic/package.xml	16cba41c9c8f238e5b4d7ff6dcbd9d7ec3fb39be522ace4f953b840e9117bce9
install/share/mrosurdf/package.xml	6cf9a5e2371fbbccf46ff637ce078ed31e9cb1b8ae4df4270769900ea75e6921
install/share/mrosvoxel_grid/package.xml	aab401056aca28e27f3fee60622017d527919863f1282d74206778a0584b293b
install/share/mroswebsockets/package.xml	e2c7d9be4e9febeb9f58cdc397217e28e9cc98f18fcdfa694c43f89008c18955
install/share/mroswebvideo/package.xml	ec5e648af597597b4e59665d0d43d0b28157009f937b0ab9945d033935e41b60
install/share/mrosyaml/package.xml	3fb52a46f5669d788c4d1c469a7d9f9805717d6f3308797b41eaf58c9fdcab93
install/share/nano_gicp/package.xml	bfe1752db549d1892ac07de7c7bda385bdccf98b3b56634f4b4a7350deb73962
install/share/nav_core/package.xml	8eb3c0d80af1f0b06deb3f90c0916fda49dd7dc95726d4e8b736ea2dd8a353d3
install/share/noitom_mocap_node/package.xml	a731eb986a479e2785ad3e9a6eaeadd378c86d6b394a35c5747ad8f3de380cc5
install/share/octomap_msgs/package.xml	49d01ae1bbd581174fb056b550d22e2b4dc894f2f1a52576f7bdc34e24499598
install/share/oli_mcp_server/package.xml	725df59417d818d609989e21fe68a22e6ce75645ea7d38d020bd28cc21dc38a0
install/share/parallel_simulation/package.xml	d856854db77301fce34424da50fe4d14b0a45292031a78a9d6ce1a19c192af8f
install/share/pcd2pgm/package.xml	2011b65bad9d069b36b90f951544b3e00fdc981252190c5e383ed386553cf454
install/share/performance/package.xml	c45770b395e377444cc080f82271d90a7609ccbba4cfe88e0a5ebd90a88f7ecd
install/share/quatro/package.xml	e20051e31757c517c1d4fba05e4ad92f42bb26babe82d8c7f94d561405b454d1
install/share/quest_server/package.xml	1501144b408326fef06eac5fb064620c7c638cc9dd8a5cce6d5f0654f1f32184
install/share/rbtcommon/package.xml	43b3ffab82db9f7a1a581a17effa5243491ececcbcab88ad7ab80d6b983eec9c
install/share/rbtmgr/package.xml	e84ed44dbda2a65378b8492e525a74422d3d5f80b18eabe9a36eb9c08164626a
install/share/realsense_mros/package.xml	b0cad2a5f529caf4c482af0d9e369eb3ca596f3e551c64ac2ca3dc84c4e13ecb
install/share/revo2_service/package.xml	503f38f8923299a44c48c3f035e0aee9d90bc3d4f6021657da792f38a7f4fb20
install/share/robot_common/package.xml	3b11e0d225792cb894c1c22394c260debe7320ee8dc71a862bfee2a90ac7d897
install/share/robot_controllers/package.xml	c1ba6313bd4cbbcc0dbad5d81102f20f9fadce00b828560ee7789b4730da5ca3
install/share/robot_data/package.xml	81f1f1289077ddd162f0eaec7a8763f488bd094b90a8826da8a2606dd0d3adc9
install/share/robot_kinematics/package.xml	3384c7855c1094aa15249a65b949a31dd670b663a4c52cb71c952af626c6a03f
install/share/robotlogger/package.xml	4ccf6aec95ab140fe99277a4b0e38ce6fcbe942f13a198d0afe73494fd282d06
install/share/robot_model/package.xml	f0887d146170028c5140746ba045d323e13dae3bd26464a78957b6c258ada152
install/share/robot_planner/package.xml	348998b9754d8a9f4fe54233d7e08c14b29ef532b09df3a4c00ca5ad01a86c26
install/share/robot_platform_join/package.xml	3bf74e63cfd16ea8c979486f7d34ea7ed701b90cff4f2c3b3cf016eca8405bc2
install/share/robot_state_detection/package.xml	0004e70ec6f9fb563ee654c074e473ff0c4073ce27552cadc1d251520a50420f
install/share/robot_trajectory/package.xml	1e880f25cb3e1b0919f114bc6490b93e2ade5d3cc3f4abbe72acb5d63b2cdac7
install/share/robot_utility/package.xml	668445e7024fdb931ad582983bf18cdbe534603afb79e14b1a86bbf1673e5171
install/share/robot_visualization/package.xml	b1f2fd00404e565e7bc055e7e579ebbe7772622d4843192e94bab7a4abf0c91d
install/share/rotate_recovery/package.xml	1b63bab76d32253746ad90468dafd4a29870146e9dbe57513624d65a63a48238
install/share/rtsp_cam_node/package.xml	6aab1ed722222a60dc10c8bd6bc3328ed116abbf1fcb71778188984f979fd1d7
install/share/ruckig/package.xml	31798bc406eb50c8efcfbad39931e84342a16e5b97bff8bdf530c216f0a571dd
install/share/sentry_decision/package.xml	573ac4acd3e1762e26a28fe9c993b9a12aa6b8d97288d3ba11a46add0bead8bd
install/share/sentry_nav/package.xml	4b53d3cb81b9d635813cddd68999484be7f72b79fbdab385d9a386289c17a3ea
install/share/signaling/package.xml	012ae52614f0f3f32148fb13ba350862188f4d785b9d92e9d5416059cbbbbfa4
install/share/speech_playback/package.xml	92472e280988a3240163620687d5d0ac41a1b6df42701000f6ebf2cfbf7b74a6
install/share/srift_driver_node/package.xml	50716f95ada0f353068dbdf2308f4d25b3a46f18d5cf9a39bbb37efbace526c4
install/share/state_estimation/package.xml	bcd971c8c6b4ea6893f863179cabcc06459a4d7b46a73f7b75a124d876435ca2
install/share/teaserpp/package.xml	affc12161341689a03bdac0f1c68d7d098cae6f5092c370437f7ca1e5c9f9cd0
install/share/teb_local_planner/package.xml	b701110e1bd4b31df333414ef2cda5b0ad95c1ecb288258279312fd3fd7af024
install/share/tele_operation/package.xml	91486c9f1cbaa771f67c765fe04f72644f8cba9e5faa2c9518c8fdd39dedf713
install/share/teleop_extrapolator/package.xml	1e072924ffae87d4163b6b7e17c665a7e2c8590b5e337143a403cd9c32207045
install/share/teleop_kinematics/package.xml	627a53cc1e6563edff0e70706305fe8871f6a11f46b5372c8b6763617e315f0d
install/share/teleop_planner2/package.xml	bdf5b9dd288b306b6d3f22a8789f74d29f15b3fbba08325f7da46f4dd7ad72e3
install/share/teleop_planner/package.xml	6745048c7a74639cd899dcfe1ab24cbd629dfeaf7e9c442663e2a7b13e873532
install/share/teleop_test/package.xml	699fc85a00470d4ae7743b9ddc6ea6b0bdc0dd3f13725517031c5713162be247
install/share/tf_change_notifier/package.xml	dc3d113845f31f0f7a29c8a4898e153ff849b9eb377c267b0aa3b1fcb6976de8
install/share/tf_echo/package.xml	775195d1201ebed6818ec6626345cf4309852e544194124c736c1d91a78d4e5d
install/share/tf_monitor/package.xml	ec7ae02e99f8da2e0c193d03bfb50dbe80c076594427c9b5312ddf88cb78cc94
install/share/tf_static_transform_publisher/package.xml	1993685e0ba6975ebc9df15214236974007acf42229e48dc8633a3acc01b4c41
install/share/thirdparty/package.xml	a42426ab3ef44e383592bc92762fbdcf5e4844cb95a63dffa2f120aab86b9b51
install/share/UB_D04_description/package.xml	1b8225a578a6d71e7025a7c0eeceffebb1a4731f5751a9c83d5d61caa6090900
install/share/ubuntu2004_for_2404/package.xml	b500e7f361d5f9a304e684254b131255c5e43260864cfb83ca4b452f857b2350
install/share/udcap_glove_teleop/package.xml	10764a8922037b146940c3032d6aec14cc7435617e8d880408fd1dff5841b15d
install/share/upgrade/package.xml	be9ea87b5c46056b145cd534c50a13765d0e4b6783058c61632713058fcf83ec
install/share/urdfdom/package.xml	b00a695a6c2f4fbd525bab8cf69756dc787f275d4542721d50776156617a9fc9
install/share/usb_cam_node/package.xml	ddd0db1c405f89e253a02d044e85ce1a27999ded542699079bf7633a765ceafe
install/share/velocity_smoother_ema/package.xml	a703fa290ffe30af7530df7e088565e9208957fe702b04e90b19f60d66893528
install/share/waypoint_cycle_sender/package.xml	204d3514a0e7360b95dae69d5be1bbd4ffc62741cf7d9e4341d0273f896e68b3
